Roll Number,Name,Email,Department,Semester,Attendance Percentage,Assignment Marks,Internal Marks,Previous Semester CGPA,Study Hours,Backlogs,Final Result
MCA20260001,Sai Sharma,sai.sharma@university.edu,Information Technology (MSc),3,85.05,64.3,80.01,6.92,4.5,0,Pass
MCA20260002,Krishna Joshi,krishna.joshi@university.edu,Computer Applications (MCA),6,71.44,59.77,73.24,8.18,1.2,0,Pass
MCA20260003,Sai Bose,sai.bose@university.edu,Computer Applications (MCA),5,90.16,62.18,84.06,7.33,3.9,0,Pass
MCA20260004,Pihu Verma,pihu.verma@university.edu,Computer Applications (MCA),1,74.82,62.15,72.17,6.92,2.9,0,Pass
MCA20260005,Reyansh Joshi,reyansh.joshi@university.edu,Information Technology (MSc),5,62.75,64.99,61.16,7.41,6.5,0,Pass
MCA20260006,Aarav Bose,aarav.bose@university.edu,Computer Applications (MCA),6,69.51,70.08,71.11,7.9,1.5,0,Pass
MCA20260007,Riya Mishra,riya.mishra@university.edu,Computer Applications (MCA),4,67.84,54.94,62.48,5.76,2.8,3,Fail
MCA20260008,Kavya Rao,kavya.rao@university.edu,Computer Applications (MCA),2,73.76,88.86,92.65,10.0,8.1,0,Pass
MCA20260009,Pihu Iyer,pihu.iyer@university.edu,Computer Science (MSc),2,98.63,64.82,73.08,6.58,8.0,0,Pass
MCA20260010,Reyansh Iyer,reyansh.iyer@university.edu,Computer Applications (MCA),1,91.8,81.69,85.25,8.85,6.0,0,Pass
MCA20260011,Aadhya Patel,aadhya.patel@university.edu,Computer Science (MSc),3,95.26,61.72,75.27,6.92,5.0,0,Pass
MCA20260012,Anjali Rao,anjali.rao@university.edu,Computer Applications (MCA),6,48.31,57.97,65.1,7.18,5.3,0,Fail
MCA20260013,Sai Reddy,sai.reddy@university.edu,Computer Applications (MCA),5,73.67,72.95,87.12,8.1,7.3,0,Pass
MCA20260014,Shaurya Chatterjee,shaurya.chatterjee@university.edu,Computer Science (MSc),5,95.54,84.8,84.09,9.25,3.9,0,Pass
MCA20260015,Reyansh Gupta,reyansh.gupta@university.edu,Computer Applications (MCA),6,60.83,58.45,69.28,6.81,3.4,2,Pass
MCA20260016,Krishna Nair,krishna.nair@university.edu,Computer Applications (MCA),2,97.53,58.68,70.69,5.47,5.4,1,Pass
MCA20260017,Sai Reddy,sai.reddy@university.edu,Computer Science (MSc),4,76.77,60.93,60.13,6.34,5.6,0,Pass
MCA20260018,Ananya Singh,ananya.singh@university.edu,Computer Science (MSc),3,95.34,82.29,90.4,8.12,6.6,0,Pass
MCA20260019,Reyansh Rao,reyansh.rao@university.edu,Information Technology (MSc),6,88.74,75.0,83.12,7.61,4.8,0,Pass
MCA20260020,Aditya Chatterjee,aditya.chatterjee@university.edu,Information Technology (MSc),2,71.09,62.79,70.74,7.25,3.3,0,Pass
MCA20260021,Riya Joshi,riya.joshi@university.edu,Computer Applications (MCA),4,84.1,43.94,59.83,5.38,3.3,3,Pass
MCA20260022,Aadhya Rao,aadhya.rao@university.edu,Information Technology (MSc),6,91.56,76.85,93.25,8.47,5.3,0,Pass
MCA20260023,Riya Joshi,riya.joshi@university.edu,Information Technology (MSc),3,84.48,96.7,100.0,10.0,6.0,0,Pass
MCA20260024,Vihaan Joshi,vihaan.joshi@university.edu,Computer Applications (MCA),3,90.76,62.09,81.41,7.15,4.5,0,Pass
MCA20260025,Aadhya Rao,aadhya.rao@university.edu,Computer Applications (MCA),2,57.21,82.02,84.33,8.02,3.6,0,Pass
MCA20260026,Kavya Iyer,kavya.iyer@university.edu,Computer Applications (MCA),6,82.91,58.33,84.28,7.06,3.4,0,Pass
MCA20260027,Saanvi Reddy,saanvi.reddy@university.edu,Information Technology (MSc),4,48.27,79.16,58.93,7.65,5.8,0,Fail
MCA20260028,Arjun Joshi,arjun.joshi@university.edu,Information Technology (MSc),5,93.47,74.75,79.35,8.13,5.9,0,Pass
MCA20260029,Riya Rao,riya.rao@university.edu,Information Technology (MSc),5,52.83,57.61,72.15,7.05,2.1,0,Pass
MCA20260030,Pihu Mukherjee,pihu.mukherjee@university.edu,Computer Science (MSc),3,62.1,52.98,73.48,6.74,5.1,2,Pass
MCA20260031,Krishna Mehta,krishna.mehta@university.edu,Information Technology (MSc),4,91.5,64.26,70.23,6.62,6.2,0,Pass
MCA20260032,Aditya Verma,aditya.verma@university.edu,Computer Applications (MCA),2,90.63,77.45,78.62,7.96,6.6,0,Pass
MCA20260033,Aryan Mishra,aryan.mishra@university.edu,Information Technology (MSc),1,57.25,77.97,88.45,9.06,4.6,0,Pass
MCA20260034,Aadhya Reddy,aadhya.reddy@university.edu,Information Technology (MSc),4,87.96,75.33,82.09,7.04,5.6,2,Pass
MCA20260035,Shruti Rao,shruti.rao@university.edu,Information Technology (MSc),1,56.35,61.82,67.28,6.36,6.6,0,Pass
MCA20260036,Sai Bose,sai.bose@university.edu,Computer Science (MSc),6,78.43,63.37,77.2,7.49,3.4,0,Pass
MCA20260037,Diya Patel,diya.patel@university.edu,Computer Science (MSc),4,97.19,61.67,75.84,6.4,2.2,0,Pass
MCA20260038,Aryan Pandey,aryan.pandey@university.edu,Computer Applications (MCA),6,87.11,69.46,78.73,6.85,5.0,0,Pass
MCA20260039,Ishaan Sen,ishaan.sen@university.edu,Computer Applications (MCA),5,70.01,70.18,72.57,7.28,4.2,2,Pass
MCA20260040,Sai Nair,sai.nair@university.edu,Information Technology (MSc),5,72.49,65.19,71.56,6.28,9.3,0,Pass
MCA20260041,Anjali Kumar,anjali.kumar@university.edu,Computer Applications (MCA),3,99.28,47.63,58.73,4.9,3.9,3,Pass
MCA20260042,Aryan Bose,aryan.bose@university.edu,Information Technology (MSc),1,40.0,66.84,51.87,6.64,7.4,2,Fail
MCA20260043,Saanvi Sharma,saanvi.sharma@university.edu,Computer Applications (MCA),3,81.06,68.74,73.84,7.07,7.5,1,Pass
MCA20260044,Shaurya Joshi,shaurya.joshi@university.edu,Computer Applications (MCA),2,65.54,76.58,83.63,7.82,5.2,0,Pass
MCA20260045,Kavya Gupta,kavya.gupta@university.edu,Computer Applications (MCA),6,51.72,73.72,65.85,7.4,5.2,0,Pass
MCA20260046,Saanvi Gupta,saanvi.gupta@university.edu,Information Technology (MSc),2,64.89,57.01,54.27,5.09,7.1,1,Pass
MCA20260047,Arjun Das,arjun.das@university.edu,Information Technology (MSc),2,40.0,65.17,64.58,7.18,2.2,0,Fail
MCA20260048,Anjali Mishra,anjali.mishra@university.edu,Computer Applications (MCA),5,57.87,61.87,58.12,6.07,5.7,0,Pass
MCA20260049,Reyansh Nair,reyansh.nair@university.edu,Computer Science (MSc),6,85.46,48.57,75.78,5.48,3.4,1,Pass
MCA20260050,Ananya Pandey,ananya.pandey@university.edu,Information Technology (MSc),4,70.09,59.76,73.05,6.93,4.8,1,Pass
MCA20260051,Sai Joshi,sai.joshi@university.edu,Computer Applications (MCA),1,93.38,73.72,100.0,8.22,7.7,0,Pass
MCA20260052,Diya Sharma,diya.sharma@university.edu,Information Technology (MSc),5,91.49,44.45,61.97,5.49,3.5,0,Pass
MCA20260053,Krishna Mukherjee,krishna.mukherjee@university.edu,Computer Applications (MCA),1,49.05,60.47,66.91,6.15,6.8,0,Fail
MCA20260054,Vihaan Joshi,vihaan.joshi@university.edu,Computer Applications (MCA),1,73.97,87.49,89.4,9.49,6.9,0,Pass
MCA20260055,Diya Gupta,diya.gupta@university.edu,Information Technology (MSc),2,87.5,53.63,69.98,6.21,4.0,1,Pass
MCA20260056,Ishaan Das,ishaan.das@university.edu,Computer Applications (MCA),5,82.58,73.9,82.76,8.11,3.8,0,Pass
MCA20260057,Arjun Mukherjee,arjun.mukherjee@university.edu,Information Technology (MSc),4,93.95,56.82,82.49,7.54,6.1,0,Pass
MCA20260058,Krishna Das,krishna.das@university.edu,Computer Science (MSc),2,97.87,61.21,84.72,7.26,3.7,0,Pass
MCA20260059,Sai Patel,sai.patel@university.edu,Information Technology (MSc),4,99.76,65.35,82.27,7.4,3.4,0,Pass
MCA20260060,Ananya Mishra,ananya.mishra@university.edu,Computer Science (MSc),4,83.98,62.87,78.17,6.68,4.0,0,Pass
MCA20260061,Vihaan Patel,vihaan.patel@university.edu,Computer Applications (MCA),4,64.63,46.93,64.22,6.39,4.2,0,Pass
MCA20260062,Diya Patel,diya.patel@university.edu,Computer Applications (MCA),2,85.12,74.94,85.82,8.13,5.5,0,Pass
MCA20260063,Reyansh Bose,reyansh.bose@university.edu,Computer Science (MSc),2,65.92,70.84,71.06,6.62,9.5,0,Pass
MCA20260064,Pihu Singh,pihu.singh@university.edu,Computer Science (MSc),4,86.96,70.93,69.54,6.59,7.1,0,Pass
MCA20260065,Krishna Gupta,krishna.gupta@university.edu,Computer Science (MSc),5,60.01,56.19,44.02,5.24,7.7,1,Pass
MCA20260066,Sai Verma,sai.verma@university.edu,Information Technology (MSc),5,84.9,84.24,80.5,7.36,9.9,0,Pass
MCA20260067,Aarav Gupta,aarav.gupta@university.edu,Computer Applications (MCA),2,55.24,72.68,62.58,7.42,7.7,2,Pass
MCA20260068,Pihu Das,pihu.das@university.edu,Computer Science (MSc),2,63.16,65.57,51.84,6.69,4.7,1,Pass
MCA20260069,Aadhya Verma,aadhya.verma@university.edu,Computer Applications (MCA),4,88.0,59.95,51.16,5.85,8.3,0,Pass
MCA20260070,Aarav Reddy,aarav.reddy@university.edu,Computer Science (MSc),4,66.68,54.42,62.06,5.87,4.5,0,Pass
MCA20260071,Shaurya Mishra,shaurya.mishra@university.edu,Information Technology (MSc),6,78.19,82.32,91.93,10.0,4.7,0,Pass
MCA20260072,Riya Das,riya.das@university.edu,Computer Applications (MCA),2,40.0,60.48,62.45,6.75,4.3,1,Fail
MCA20260073,Vihaan Mukherjee,vihaan.mukherjee@university.edu,Information Technology (MSc),5,48.46,59.77,55.87,6.35,7.5,0,Fail
MCA20260074,Diya Verma,diya.verma@university.edu,Computer Applications (MCA),5,54.06,80.8,64.31,7.73,6.4,0,Pass
MCA20260075,Saanvi Sen,saanvi.sen@university.edu,Information Technology (MSc),2,65.25,45.76,50.21,5.71,2.5,1,Pass
MCA20260076,Vihaan Sen,vihaan.sen@university.edu,Computer Applications (MCA),2,40.0,70.57,61.4,7.08,5.4,1,Fail
MCA20260077,Aditya Joshi,aditya.joshi@university.edu,Computer Science (MSc),1,84.29,52.16,70.57,6.45,1.6,1,Pass
MCA20260078,Kavya Joshi,kavya.joshi@university.edu,Information Technology (MSc),5,87.54,67.22,72.75,6.03,5.4,0,Pass
MCA20260079,Vihaan Chatterjee,vihaan.chatterjee@university.edu,Computer Applications (MCA),4,80.1,62.12,54.95,6.0,7.0,4,Fail
MCA20260080,Kavya Mukherjee,kavya.mukherjee@university.edu,Information Technology (MSc),3,74.23,51.68,61.53,6.29,5.4,0,Pass
MCA20260081,Ishaan Kumar,ishaan.kumar@university.edu,Information Technology (MSc),6,87.94,76.52,74.13,7.31,10.3,0,Pass
MCA20260082,Diya Joshi,diya.joshi@university.edu,Computer Science (MSc),4,92.24,75.03,90.54,9.32,4.9,0,Pass
MCA20260083,Arjun Nair,arjun.nair@university.edu,Computer Science (MSc),3,74.96,46.9,64.09,5.62,1.9,2,Pass
MCA20260084,Aditya Sharma,aditya.sharma@university.edu,Computer Science (MSc),5,68.38,53.85,57.77,5.21,4.9,1,Pass
MCA20260085,Kavya Patel,kavya.patel@university.edu,Computer Applications (MCA),5,78.96,68.17,70.76,6.64,6.4,1,Pass
MCA20260086,Reyansh Sen,reyansh.sen@university.edu,Computer Science (MSc),2,81.44,63.59,55.74,6.13,7.5,0,Pass
MCA20260087,Ananya Gupta,ananya.gupta@university.edu,Computer Applications (MCA),3,83.15,75.98,78.24,8.06,6.8,0,Pass
MCA20260088,Shaurya Singh,shaurya.singh@university.edu,Computer Science (MSc),5,93.42,74.04,95.4,8.94,4.1,0,Pass
MCA20260089,Shaurya Chatterjee,shaurya.chatterjee@university.edu,Information Technology (MSc),5,89.1,38.77,66.79,4.88,3.5,2,Pass
MCA20260090,Aarav Bose,aarav.bose@university.edu,Computer Science (MSc),6,68.91,63.37,75.65,7.79,5.3,0,Pass
MCA20260091,Sai Mehta,sai.mehta@university.edu,Computer Science (MSc),1,85.23,60.44,67.84,6.75,7.4,1,Pass
MCA20260092,Sai Bose,sai.bose@university.edu,Computer Applications (MCA),3,64.2,86.52,88.25,9.36,8.1,0,Pass
MCA20260093,Shaurya Chatterjee,shaurya.chatterjee@university.edu,Computer Applications (MCA),6,88.27,67.01,81.2,8.26,3.4,0,Pass
MCA20260094,Diya Kumar,diya.kumar@university.edu,Information Technology (MSc),6,60.86,66.13,80.2,8.45,4.0,0,Pass
MCA20260095,Ishaan Sen,ishaan.sen@university.edu,Computer Science (MSc),3,70.0,84.96,78.87,8.41,6.0,0,Pass
MCA20260096,Vihaan Gupta,vihaan.gupta@university.edu,Information Technology (MSc),4,94.1,82.39,80.43,8.73,5.1,0,Pass
MCA20260097,Ishaan Verma,ishaan.verma@university.edu,Computer Applications (MCA),3,70.74,73.7,73.29,7.52,9.3,0,Pass
MCA20260098,Arjun Rao,arjun.rao@university.edu,Computer Applications (MCA),6,81.57,64.49,77.55,7.43,4.1,0,Pass
MCA20260099,Khushi Bose,khushi.bose@university.edu,Information Technology (MSc),4,91.46,55.76,73.41,7.04,5.8,1,Pass
MCA20260100,Riya Sharma,riya.sharma@university.edu,Computer Applications (MCA),1,85.36,85.62,89.33,8.55,6.4,0,Pass
MCA20260101,Arjun Bose,arjun.bose@university.edu,Computer Applications (MCA),3,96.58,64.56,77.4,7.49,4.9,1,Pass
MCA20260102,Kavya Bose,kavya.bose@university.edu,Computer Applications (MCA),4,79.5,71.1,79.93,7.52,7.2,0,Pass
MCA20260103,Arjun Verma,arjun.verma@university.edu,Computer Science (MSc),3,65.45,68.24,75.69,8.05,5.4,0,Pass
MCA20260104,Vihaan Choudhury,vihaan.choudhury@university.edu,Computer Applications (MCA),6,74.09,48.71,56.58,5.29,2.1,3,Fail
MCA20260105,Krishna Patel,krishna.patel@university.edu,Computer Science (MSc),5,99.51,72.52,80.4,7.71,6.6,0,Pass
MCA20260106,Pihu Chatterjee,pihu.chatterjee@university.edu,Information Technology (MSc),2,76.8,76.02,79.1,7.83,2.7,0,Pass
MCA20260107,Krishna Singh,krishna.singh@university.edu,Computer Applications (MCA),4,87.85,64.84,78.13,6.86,3.0,0,Pass
MCA20260108,Aarav Singh,aarav.singh@university.edu,Information Technology (MSc),3,52.4,88.2,86.71,9.37,6.8,0,Pass
MCA20260109,Pihu Joshi,pihu.joshi@university.edu,Computer Science (MSc),2,91.51,74.23,92.61,7.44,7.6,0,Pass
MCA20260110,Sai Reddy,sai.reddy@university.edu,Computer Applications (MCA),4,89.59,51.77,68.47,5.96,4.0,3,Pass
MCA20260111,Krishna Kumar,krishna.kumar@university.edu,Computer Science (MSc),3,84.76,64.7,78.11,7.34,5.1,0,Pass
MCA20260112,Shaurya Joshi,shaurya.joshi@university.edu,Computer Applications (MCA),1,86.04,66.2,69.57,5.33,8.1,3,Pass
MCA20260113,Reyansh Reddy,reyansh.reddy@university.edu,Computer Science (MSc),3,64.15,86.11,77.12,8.86,8.0,0,Pass
MCA20260114,Aditya Rao,aditya.rao@university.edu,Computer Science (MSc),6,68.63,44.42,50.05,4.52,4.3,2,Fail
MCA20260115,Shruti Reddy,shruti.reddy@university.edu,Information Technology (MSc),5,45.0,59.88,69.43,7.77,4.9,0,Fail
MCA20260116,Aarav Patel,aarav.patel@university.edu,Computer Science (MSc),2,68.29,83.01,80.3,8.22,6.7,0,Pass
MCA20260117,Kavya Rao,kavya.rao@university.edu,Computer Applications (MCA),1,83.42,64.68,68.9,7.16,4.9,0,Pass
MCA20260118,Anjali Mishra,anjali.mishra@university.edu,Computer Science (MSc),6,69.84,61.61,60.35,4.68,5.7,2,Pass
MCA20260119,Diya Mishra,diya.mishra@university.edu,Information Technology (MSc),5,94.46,84.96,89.31,9.5,3.8,0,Pass
MCA20260120,Sai Reddy,sai.reddy@university.edu,Information Technology (MSc),2,88.22,73.58,82.36,7.44,7.1,0,Pass
MCA20260121,Ishaan Verma,ishaan.verma@university.edu,Information Technology (MSc),4,96.68,70.58,90.78,7.59,4.9,0,Pass
MCA20260122,Aarav Sen,aarav.sen@university.edu,Information Technology (MSc),6,64.76,71.94,74.99,8.07,2.5,0,Pass
MCA20260123,Reyansh Choudhury,reyansh.choudhury@university.edu,Computer Science (MSc),1,78.43,55.35,64.99,6.18,8.2,0,Pass
MCA20260124,Diya Chatterjee,diya.chatterjee@university.edu,Computer Science (MSc),6,46.62,44.29,30.5,4.5,7.0,3,Fail
MCA20260125,Shaurya Sen,shaurya.sen@university.edu,Computer Science (MSc),6,94.21,74.7,85.75,7.88,7.8,0,Pass
MCA20260126,Pihu Iyer,pihu.iyer@university.edu,Computer Science (MSc),6,97.91,71.84,93.44,8.37,4.8,0,Pass
MCA20260127,Shaurya Bose,shaurya.bose@university.edu,Computer Applications (MCA),2,53.11,67.7,59.53,6.04,6.1,0,Pass
MCA20260128,Pihu Reddy,pihu.reddy@university.edu,Information Technology (MSc),6,71.83,62.54,67.82,6.51,6.1,0,Pass
MCA20260129,Aryan Chatterjee,aryan.chatterjee@university.edu,Information Technology (MSc),3,79.76,76.68,93.53,9.3,2.2,0,Pass
MCA20260130,Aadhya Bose,aadhya.bose@university.edu,Computer Applications (MCA),3,79.07,68.48,69.01,7.49,7.5,0,Pass
MCA20260131,Shaurya Kumar,shaurya.kumar@university.edu,Computer Science (MSc),5,78.68,56.98,74.38,7.02,5.1,0,Pass
MCA20260132,Anjali Iyer,anjali.iyer@university.edu,Computer Science (MSc),4,79.21,86.29,85.78,8.37,8.3,1,Pass
MCA20260133,Khushi Kumar,khushi.kumar@university.edu,Information Technology (MSc),4,80.22,51.32,64.76,5.98,3.8,1,Pass
MCA20260134,Aryan Gupta,aryan.gupta@university.edu,Computer Science (MSc),5,76.72,75.78,84.67,7.76,1.9,0,Pass
MCA20260135,Anjali Iyer,anjali.iyer@university.edu,Computer Applications (MCA),2,84.69,63.57,80.22,7.29,6.1,0,Pass
MCA20260136,Shaurya Joshi,shaurya.joshi@university.edu,Computer Applications (MCA),2,89.99,57.89,80.19,6.56,7.5,0,Pass
MCA20260137,Aarav Verma,aarav.verma@university.edu,Computer Applications (MCA),4,87.66,59.56,70.08,7.02,5.3,1,Pass
MCA20260138,Anjali Gupta,anjali.gupta@university.edu,Computer Science (MSc),4,97.77,82.66,97.8,9.79,6.0,0,Pass
MCA20260139,Kavya Kumar,kavya.kumar@university.edu,Information Technology (MSc),6,82.01,67.38,76.29,7.59,5.5,0,Pass
MCA20260140,Aadhya Das,aadhya.das@university.edu,Computer Science (MSc),2,76.71,64.73,71.37,6.93,5.0,1,Pass
MCA20260141,Arjun Sharma,arjun.sharma@university.edu,Computer Applications (MCA),4,81.65,61.99,72.66,6.83,2.9,0,Pass
MCA20260142,Krishna Singh,krishna.singh@university.edu,Information Technology (MSc),5,89.07,64.23,80.38,7.85,4.7,0,Pass
MCA20260143,Khushi Verma,khushi.verma@university.edu,Information Technology (MSc),2,85.62,61.06,69.17,6.84,3.8,0,Pass
MCA20260144,Sai Pandey,sai.pandey@university.edu,Computer Applications (MCA),4,99.84,72.76,72.25,7.05,6.9,0,Pass
MCA20260145,Shruti Bose,shruti.bose@university.edu,Information Technology (MSc),3,73.02,43.45,45.76,4.09,3.8,0,Pass
MCA20260146,Khushi Chatterjee,khushi.chatterjee@university.edu,Information Technology (MSc),5,69.68,59.35,54.67,4.85,6.2,3,Fail
MCA20260147,Pihu Bose,pihu.bose@university.edu,Computer Science (MSc),2,89.38,47.29,64.9,5.26,2.3,1,Pass
MCA20260148,Saanvi Pandey,saanvi.pandey@university.edu,Computer Science (MSc),2,56.14,68.07,70.95,7.09,4.0,0,Pass
MCA20260149,Ishaan Sen,ishaan.sen@university.edu,Computer Science (MSc),6,68.04,59.82,65.66,6.39,5.9,0,Pass
MCA20260150,Krishna Rao,krishna.rao@university.edu,Computer Science (MSc),1,94.16,75.01,91.48,8.02,3.1,0,Pass
MCA20260151,Shaurya Joshi,shaurya.joshi@university.edu,Computer Science (MSc),3,93.17,65.66,83.59,6.9,4.4,0,Pass
MCA20260152,Diya Bose,diya.bose@university.edu,Computer Applications (MCA),2,88.78,92.0,92.49,8.95,6.9,0,Pass
MCA20260153,Arjun Joshi,arjun.joshi@university.edu,Computer Science (MSc),6,89.2,46.47,61.53,4.84,2.9,1,Pass
MCA20260154,Arjun Kumar,arjun.kumar@university.edu,Computer Applications (MCA),4,72.25,72.9,73.63,7.56,6.6,0,Pass
MCA20260155,Pihu Iyer,pihu.iyer@university.edu,Information Technology (MSc),4,51.51,81.04,75.89,8.61,6.3,0,Pass
MCA20260156,Pihu Verma,pihu.verma@university.edu,Computer Applications (MCA),4,86.77,76.25,82.03,7.79,6.2,0,Pass
MCA20260157,Aadhya Mukherjee,aadhya.mukherjee@university.edu,Information Technology (MSc),1,65.3,65.67,66.63,6.9,6.3,0,Pass
MCA20260158,Kavya Reddy,kavya.reddy@university.edu,Computer Science (MSc),1,64.66,67.61,82.26,7.73,2.6,0,Pass
MCA20260159,Ananya Nair,ananya.nair@university.edu,Computer Science (MSc),4,55.5,46.37,61.53,6.22,4.3,1,Pass
MCA20260160,Riya Bose,riya.bose@university.edu,Information Technology (MSc),2,95.24,73.87,84.56,8.72,1.9,0,Pass
MCA20260161,Saanvi Joshi,saanvi.joshi@university.edu,Computer Science (MSc),4,51.95,93.06,84.36,9.16,9.0,0,Pass
MCA20260162,Saanvi Sharma,saanvi.sharma@university.edu,Computer Science (MSc),3,72.8,63.56,85.07,8.35,6.4,0,Pass
MCA20260163,Aadhya Singh,aadhya.singh@university.edu,Computer Science (MSc),2,73.55,70.23,81.39,7.43,4.8,0,Pass
MCA20260164,Anjali Bose,anjali.bose@university.edu,Computer Applications (MCA),4,91.16,79.98,83.66,9.05,8.8,0,Pass
MCA20260165,Kavya Mukherjee,kavya.mukherjee@university.edu,Information Technology (MSc),1,80.82,74.38,86.41,8.44,4.7,0,Pass
MCA20260166,Aditya Mishra,aditya.mishra@university.edu,Computer Applications (MCA),4,99.93,87.36,99.94,9.33,4.9,0,Pass
MCA20260167,Aryan Verma,aryan.verma@university.edu,Computer Science (MSc),4,54.81,56.19,57.28,6.03,7.5,0,Pass
MCA20260168,Diya Kumar,diya.kumar@university.edu,Computer Science (MSc),3,93.32,59.2,65.33,6.3,5.0,0,Pass
MCA20260169,Diya Reddy,diya.reddy@university.edu,Computer Science (MSc),4,69.16,63.58,74.99,7.07,6.0,0,Pass
MCA20260170,Ishaan Gupta,ishaan.gupta@university.edu,Computer Science (MSc),1,97.31,63.01,77.21,6.69,7.3,0,Pass
MCA20260171,Riya Verma,riya.verma@university.edu,Computer Science (MSc),2,69.39,62.58,63.16,6.76,5.4,0,Pass
MCA20260172,Aditya Verma,aditya.verma@university.edu,Computer Applications (MCA),2,72.71,80.77,87.21,9.32,6.8,0,Pass
MCA20260173,Reyansh Sharma,reyansh.sharma@university.edu,Information Technology (MSc),2,55.96,61.92,55.86,6.24,3.7,0,Pass
MCA20260174,Krishna Mehta,krishna.mehta@university.edu,Computer Science (MSc),6,84.72,56.46,74.22,7.13,1.9,2,Pass
MCA20260175,Sai Mukherjee,sai.mukherjee@university.edu,Computer Applications (MCA),4,91.0,54.32,73.83,5.47,5.2,1,Pass
MCA20260176,Ishaan Choudhury,ishaan.choudhury@university.edu,Computer Applications (MCA),5,82.68,81.49,81.45,8.38,6.7,0,Pass
MCA20260177,Anjali Patel,anjali.patel@university.edu,Computer Applications (MCA),3,63.17,80.9,80.94,8.89,5.0,1,Pass
MCA20260178,Sai Mukherjee,sai.mukherjee@university.edu,Computer Applications (MCA),3,89.7,68.2,81.06,7.24,7.0,0,Pass
MCA20260179,Kavya Reddy,kavya.reddy@university.edu,Computer Science (MSc),6,86.07,77.63,75.56,8.78,5.3,0,Pass
MCA20260180,Reyansh Gupta,reyansh.gupta@university.edu,Information Technology (MSc),6,71.65,66.9,75.05,7.85,5.0,0,Pass
MCA20260181,Krishna Patel,krishna.patel@university.edu,Information Technology (MSc),3,90.06,84.08,97.55,9.03,7.4,0,Pass
MCA20260182,Anjali Patel,anjali.patel@university.edu,Information Technology (MSc),1,94.3,68.65,80.54,6.72,7.4,1,Pass
MCA20260183,Ananya Bose,ananya.bose@university.edu,Computer Science (MSc),6,50.93,72.99,71.19,7.42,6.0,1,Pass
MCA20260184,Ananya Gupta,ananya.gupta@university.edu,Information Technology (MSc),6,76.56,44.51,46.01,5.15,8.8,3,Pass
MCA20260185,Diya Sharma,diya.sharma@university.edu,Computer Science (MSc),4,77.08,65.1,71.77,6.68,6.4,0,Pass
MCA20260186,Sai Mishra,sai.mishra@university.edu,Computer Science (MSc),6,69.21,52.48,49.0,4.94,8.7,2,Fail
MCA20260187,Khushi Mehta,khushi.mehta@university.edu,Computer Science (MSc),2,62.83,64.38,65.03,7.0,4.8,1,Pass
MCA20260188,Shruti Rao,shruti.rao@university.edu,Information Technology (MSc),5,91.79,72.48,81.3,7.52,5.5,0,Pass
MCA20260189,Saanvi Pandey,saanvi.pandey@university.edu,Computer Science (MSc),6,40.0,91.35,67.26,8.85,6.0,0,Fail
MCA20260190,Diya Joshi,diya.joshi@university.edu,Computer Applications (MCA),3,88.43,46.12,75.51,6.89,1.8,0,Pass
MCA20260191,Khushi Joshi,khushi.joshi@university.edu,Computer Science (MSc),5,53.6,49.69,42.98,5.62,3.5,1,Pass
MCA20260192,Anjali Reddy,anjali.reddy@university.edu,Computer Science (MSc),1,66.23,68.6,68.13,8.5,2.1,0,Pass
MCA20260193,Saanvi Iyer,saanvi.iyer@university.edu,Computer Applications (MCA),4,67.84,57.14,70.52,6.24,4.4,0,Pass
MCA20260194,Reyansh Choudhury,reyansh.choudhury@university.edu,Computer Science (MSc),3,95.61,69.98,82.91,8.27,1.8,0,Pass
MCA20260195,Ishaan Chatterjee,ishaan.chatterjee@university.edu,Information Technology (MSc),3,99.19,75.69,91.59,9.03,3.6,0,Pass
MCA20260196,Riya Sharma,riya.sharma@university.edu,Information Technology (MSc),2,74.65,66.82,77.51,7.22,4.8,0,Pass
MCA20260197,Aditya Joshi,aditya.joshi@university.edu,Information Technology (MSc),4,95.14,46.78,61.39,5.16,5.2,1,Pass
MCA20260198,Saanvi Bose,saanvi.bose@university.edu,Computer Applications (MCA),6,93.11,82.47,77.45,7.71,6.9,0,Pass
MCA20260199,Saanvi Das,saanvi.das@university.edu,Computer Science (MSc),1,44.0,44.17,56.14,5.02,4.5,2,Fail
MCA20260200,Krishna Reddy,krishna.reddy@university.edu,Information Technology (MSc),2,71.8,55.36,67.55,6.94,2.8,1,Pass
MCA20260201,Shaurya Mukherjee,shaurya.mukherjee@university.edu,Computer Science (MSc),4,86.79,69.98,78.36,8.53,4.6,0,Pass
MCA20260202,Riya Sen,riya.sen@university.edu,Computer Science (MSc),4,75.5,63.7,75.38,7.18,4.1,0,Pass
MCA20260203,Riya Iyer,riya.iyer@university.edu,Computer Science (MSc),6,81.21,71.51,81.02,7.09,8.2,1,Pass
MCA20260204,Khushi Rao,khushi.rao@university.edu,Computer Science (MSc),3,72.07,71.19,74.72,7.37,2.6,0,Pass
MCA20260205,Krishna Patel,krishna.patel@university.edu,Information Technology (MSc),2,93.95,47.43,56.11,5.69,3.8,4,Pass
MCA20260206,Diya Patel,diya.patel@university.edu,Information Technology (MSc),5,65.24,57.98,72.97,6.86,1.0,2,Pass
MCA20260207,Aryan Kumar,aryan.kumar@university.edu,Computer Applications (MCA),6,91.15,52.15,66.46,5.37,4.8,4,Pass
MCA20260208,Saanvi Rao,saanvi.rao@university.edu,Information Technology (MSc),5,85.34,62.91,66.08,6.79,5.5,0,Pass
MCA20260209,Shruti Chatterjee,shruti.chatterjee@university.edu,Computer Science (MSc),1,98.09,72.66,72.39,7.97,7.5,0,Pass
MCA20260210,Reyansh Nair,reyansh.nair@university.edu,Computer Applications (MCA),3,83.74,79.69,79.72,7.97,6.0,0,Pass
MCA20260211,Aryan Nair,aryan.nair@university.edu,Computer Applications (MCA),6,77.99,84.16,85.6,9.55,5.4,0,Pass
MCA20260212,Riya Mehta,riya.mehta@university.edu,Computer Science (MSc),1,92.84,76.61,86.86,7.82,6.9,0,Pass
MCA20260213,Vihaan Bose,vihaan.bose@university.edu,Computer Science (MSc),6,54.0,61.99,59.18,6.28,6.4,0,Pass
MCA20260214,Arjun Das,arjun.das@university.edu,Computer Applications (MCA),1,76.73,68.94,75.23,7.46,1.2,0,Pass
MCA20260215,Kavya Nair,kavya.nair@university.edu,Computer Science (MSc),4,97.01,68.62,91.81,8.25,3.5,0,Pass
MCA20260216,Khushi Iyer,khushi.iyer@university.edu,Computer Applications (MCA),1,98.45,64.52,84.28,7.53,5.1,0,Pass
MCA20260217,Ishaan Das,ishaan.das@university.edu,Computer Applications (MCA),1,62.07,63.36,62.59,5.87,7.5,3,Pass
MCA20260218,Aadhya Das,aadhya.das@university.edu,Computer Applications (MCA),5,86.58,58.52,74.26,7.6,1.5,0,Pass
MCA20260219,Vihaan Mehta,vihaan.mehta@university.edu,Computer Applications (MCA),5,80.14,62.04,82.5,7.39,4.3,1,Pass
MCA20260220,Shaurya Gupta,shaurya.gupta@university.edu,Computer Applications (MCA),1,81.45,72.04,75.84,7.01,6.7,2,Pass
MCA20260221,Riya Mishra,riya.mishra@university.edu,Information Technology (MSc),5,89.1,82.18,80.01,8.31,7.8,0,Pass
MCA20260222,Anjali Joshi,anjali.joshi@university.edu,Information Technology (MSc),4,79.2,67.12,75.03,7.44,5.4,0,Pass
MCA20260223,Khushi Pandey,khushi.pandey@university.edu,Computer Science (MSc),5,70.6,58.55,59.4,5.74,3.9,1,Pass
MCA20260224,Pihu Nair,pihu.nair@university.edu,Information Technology (MSc),5,68.29,83.01,81.3,8.37,4.8,0,Pass
MCA20260225,Vihaan Chatterjee,vihaan.chatterjee@university.edu,Information Technology (MSc),1,51.49,64.67,62.73,7.97,3.2,0,Pass
MCA20260226,Reyansh Kumar,reyansh.kumar@university.edu,Computer Science (MSc),6,84.03,58.05,82.04,8.13,3.0,0,Pass
MCA20260227,Aditya Singh,aditya.singh@university.edu,Computer Applications (MCA),2,71.68,74.02,79.09,8.06,6.4,0,Pass
MCA20260228,Riya Gupta,riya.gupta@university.edu,Computer Applications (MCA),1,92.18,63.78,87.4,8.39,2.1,1,Pass
MCA20260229,Pihu Pandey,pihu.pandey@university.edu,Information Technology (MSc),5,53.65,46.34,52.45,5.23,4.8,3,Fail
MCA20260230,Saanvi Nair,saanvi.nair@university.edu,Computer Applications (MCA),2,94.72,62.16,74.99,7.61,3.8,0,Pass
MCA20260231,Shaurya Nair,shaurya.nair@university.edu,Information Technology (MSc),4,66.91,49.84,48.89,5.69,3.4,4,Fail
MCA20260232,Aditya Joshi,aditya.joshi@university.edu,Computer Science (MSc),6,92.79,76.18,90.7,7.25,9.2,0,Pass
MCA20260233,Kavya Kumar,kavya.kumar@university.edu,Computer Science (MSc),1,83.86,72.98,81.05,9.04,1.0,0,Pass
MCA20260234,Riya Joshi,riya.joshi@university.edu,Information Technology (MSc),2,97.32,61.38,76.13,6.34,5.9,0,Pass
MCA20260235,Ishaan Mehta,ishaan.mehta@university.edu,Computer Applications (MCA),1,65.77,57.08,52.05,5.65,6.4,2,Pass
MCA20260236,Aryan Nair,aryan.nair@university.edu,Information Technology (MSc),6,97.06,76.03,80.84,7.76,6.2,0,Pass
MCA20260237,Kavya Nair,kavya.nair@university.edu,Computer Science (MSc),1,92.17,59.95,66.91,6.98,6.5,2,Pass
MCA20260238,Khushi Nair,khushi.nair@university.edu,Information Technology (MSc),4,98.25,65.3,76.02,7.69,7.0,0,Pass
MCA20260239,Ishaan Sen,ishaan.sen@university.edu,Information Technology (MSc),4,91.98,63.46,95.66,8.02,4.2,1,Pass
MCA20260240,Khushi Gupta,khushi.gupta@university.edu,Information Technology (MSc),1,96.72,73.02,82.56,8.89,2.3,0,Pass
MCA20260241,Pihu Iyer,pihu.iyer@university.edu,Information Technology (MSc),3,60.42,58.78,75.94,7.44,1.0,1,Pass
MCA20260242,Aarav Gupta,aarav.gupta@university.edu,Computer Applications (MCA),6,98.37,60.83,79.18,8.03,5.6,0,Pass
MCA20260243,Kavya Mukherjee,kavya.mukherjee@university.edu,Computer Applications (MCA),6,95.25,57.99,76.76,6.39,1.5,0,Pass
MCA20260244,Ishaan Mukherjee,ishaan.mukherjee@university.edu,Computer Applications (MCA),2,80.53,66.07,64.55,6.48,7.8,0,Pass
MCA20260245,Saanvi Sen,saanvi.sen@university.edu,Information Technology (MSc),4,62.14,58.52,61.24,5.4,6.3,1,Pass
MCA20260246,Ishaan Singh,ishaan.singh@university.edu,Information Technology (MSc),4,59.69,80.69,78.78,8.5,4.6,0,Pass
MCA20260247,Saanvi Gupta,saanvi.gupta@university.edu,Computer Science (MSc),3,78.8,58.8,70.42,5.88,3.9,1,Pass
MCA20260248,Pihu Iyer,pihu.iyer@university.edu,Computer Science (MSc),6,93.46,65.03,63.35,6.35,4.2,0,Pass
MCA20260249,Sai Singh,sai.singh@university.edu,Computer Science (MSc),4,78.28,58.43,69.95,6.41,5.0,1,Pass
MCA20260250,Saanvi Nair,saanvi.nair@university.edu,Information Technology (MSc),4,92.04,70.72,85.28,7.65,3.3,0,Pass
MCA20260251,Riya Verma,riya.verma@university.edu,Computer Science (MSc),1,84.13,61.07,70.23,7.37,4.3,0,Pass
MCA20260252,Diya Rao,diya.rao@university.edu,Computer Science (MSc),1,77.47,68.95,61.03,6.36,8.1,0,Pass
MCA20260253,Aadhya Sen,aadhya.sen@university.edu,Computer Applications (MCA),6,86.64,91.17,85.59,8.94,7.2,0,Pass
MCA20260254,Riya Pandey,riya.pandey@university.edu,Computer Science (MSc),1,69.61,53.41,58.74,5.61,4.9,4,Fail
MCA20260255,Reyansh Sen,reyansh.sen@university.edu,Computer Science (MSc),5,71.92,45.97,65.75,6.42,2.0,0,Pass
MCA20260256,Saanvi Pandey,saanvi.pandey@university.edu,Computer Applications (MCA),2,81.44,66.65,84.17,7.1,5.4,0,Pass
MCA20260257,Ishaan Bose,ishaan.bose@university.edu,Computer Applications (MCA),3,50.77,49.74,61.54,5.82,6.6,3,Pass
MCA20260258,Khushi Das,khushi.das@university.edu,Computer Applications (MCA),1,52.57,86.67,78.78,9.2,5.7,0,Pass
MCA20260259,Anjali Joshi,anjali.joshi@university.edu,Information Technology (MSc),2,53.39,62.15,62.77,6.8,7.2,0,Pass
MCA20260260,Shaurya Bose,shaurya.bose@university.edu,Computer Applications (MCA),5,87.07,60.3,68.9,7.22,1.8,0,Pass
MCA20260261,Pihu Gupta,pihu.gupta@university.edu,Computer Applications (MCA),1,71.29,65.22,64.18,6.37,3.4,0,Pass
MCA20260262,Khushi Patel,khushi.patel@university.edu,Information Technology (MSc),2,79.99,55.1,67.85,5.52,5.9,2,Pass
MCA20260263,Saanvi Nair,saanvi.nair@university.edu,Information Technology (MSc),6,72.62,95.96,90.17,10.0,7.1,0,Pass
MCA20260264,Ishaan Mishra,ishaan.mishra@university.edu,Computer Science (MSc),4,96.33,42.56,62.43,5.26,6.4,2,Pass
MCA20260265,Krishna Pandey,krishna.pandey@university.edu,Information Technology (MSc),2,77.62,60.53,65.64,6.37,5.0,2,Pass
MCA20260266,Aadhya Kumar,aadhya.kumar@university.edu,Information Technology (MSc),5,75.83,65.02,81.13,7.85,4.4,0,Pass
MCA20260267,Arjun Gupta,arjun.gupta@university.edu,Computer Science (MSc),4,86.5,92.96,84.0,8.69,10.9,0,Pass
MCA20260268,Diya Sen,diya.sen@university.edu,Computer Science (MSc),1,87.41,73.86,81.19,8.05,5.7,0,Pass
MCA20260269,Shaurya Nair,shaurya.nair@university.edu,Information Technology (MSc),5,67.16,71.76,70.12,6.73,6.0,0,Pass
MCA20260270,Saanvi Mehta,saanvi.mehta@university.edu,Computer Science (MSc),5,93.3,76.6,88.65,8.3,7.0,0,Pass
MCA20260271,Saanvi Choudhury,saanvi.choudhury@university.edu,Computer Science (MSc),5,40.0,63.01,67.3,7.02,5.9,0,Fail
MCA20260272,Aadhya Pandey,aadhya.pandey@university.edu,Computer Science (MSc),2,95.88,73.25,82.21,7.84,3.3,0,Pass
MCA20260273,Krishna Mukherjee,krishna.mukherjee@university.edu,Computer Science (MSc),2,96.37,66.92,88.1,7.72,5.5,0,Pass
MCA20260274,Pihu Verma,pihu.verma@university.edu,Computer Science (MSc),6,96.01,58.51,74.89,5.87,10.2,2,Pass
MCA20260275,Saanvi Reddy,saanvi.reddy@university.edu,Computer Science (MSc),6,81.7,74.87,68.1,6.91,7.4,0,Pass
MCA20260276,Arjun Das,arjun.das@university.edu,Computer Applications (MCA),2,91.43,48.15,55.6,4.5,6.7,4,Pass
MCA20260277,Shruti Mukherjee,shruti.mukherjee@university.edu,Computer Science (MSc),1,97.49,48.6,65.48,5.69,6.2,0,Pass
MCA20260278,Khushi Patel,khushi.patel@university.edu,Information Technology (MSc),4,68.57,58.53,70.49,5.83,6.3,1,Pass
MCA20260279,Aarav Mehta,aarav.mehta@university.edu,Computer Science (MSc),6,81.69,88.58,81.27,8.49,7.8,0,Pass
MCA20260280,Arjun Gupta,arjun.gupta@university.edu,Computer Science (MSc),3,75.39,91.21,88.68,8.49,8.4,0,Pass
MCA20260281,Diya Chatterjee,diya.chatterjee@university.edu,Information Technology (MSc),4,84.18,53.05,69.38,6.29,3.7,0,Pass
MCA20260282,Aditya Iyer,aditya.iyer@university.edu,Information Technology (MSc),5,44.53,72.44,70.62,8.23,3.7,0,Fail
MCA20260283,Diya Das,diya.das@university.edu,Information Technology (MSc),1,79.43,51.21,64.73,5.37,3.1,2,Pass
MCA20260284,Anjali Gupta,anjali.gupta@university.edu,Computer Applications (MCA),6,63.4,42.07,55.88,4.84,3.0,0,Pass
MCA20260285,Shaurya Joshi,shaurya.joshi@university.edu,Information Technology (MSc),1,69.98,69.9,79.04,8.0,4.4,1,Pass
MCA20260286,Pihu Patel,pihu.patel@university.edu,Information Technology (MSc),6,97.13,73.85,81.66,7.93,6.5,0,Pass
MCA20260287,Sai Pandey,sai.pandey@university.edu,Computer Applications (MCA),6,55.77,77.52,80.67,8.8,2.4,0,Pass
MCA20260288,Shaurya Sharma,shaurya.sharma@university.edu,Computer Applications (MCA),3,79.8,75.49,71.59,7.23,5.3,1,Pass
MCA20260289,Vihaan Nair,vihaan.nair@university.edu,Computer Science (MSc),3,68.92,72.75,76.92,8.54,1.0,0,Pass
MCA20260290,Pihu Mehta,pihu.mehta@university.edu,Computer Applications (MCA),5,93.62,65.95,83.72,7.2,8.9,0,Pass
MCA20260291,Pihu Mukherjee,pihu.mukherjee@university.edu,Information Technology (MSc),2,59.65,74.51,85.62,8.34,3.2,0,Pass
MCA20260292,Aryan Singh,aryan.singh@university.edu,Computer Applications (MCA),5,76.34,48.15,74.04,6.84,1.0,0,Pass
MCA20260293,Aadhya Chatterjee,aadhya.chatterjee@university.edu,Information Technology (MSc),2,89.91,56.93,63.81,6.23,4.7,0,Pass
MCA20260294,Saanvi Mukherjee,saanvi.mukherjee@university.edu,Computer Applications (MCA),2,92.56,80.62,84.34,8.18,5.5,1,Pass
MCA20260295,Khushi Rao,khushi.rao@university.edu,Computer Science (MSc),3,79.41,53.59,65.74,6.41,3.5,0,Pass
MCA20260296,Aarav Pandey,aarav.pandey@university.edu,Computer Science (MSc),6,81.72,67.27,85.26,7.78,4.9,0,Pass
MCA20260297,Riya Singh,riya.singh@university.edu,Computer Applications (MCA),4,86.12,59.63,72.86,6.74,2.4,0,Pass
MCA20260298,Ananya Mukherjee,ananya.mukherjee@university.edu,Computer Science (MSc),6,98.28,81.81,100.0,10.0,5.4,0,Pass
MCA20260299,Pihu Rao,pihu.rao@university.edu,Computer Science (MSc),3,65.21,41.11,71.0,5.78,3.9,3,Pass
MCA20260300,Reyansh Reddy,reyansh.reddy@university.edu,Computer Science (MSc),1,78.21,81.63,80.52,8.21,4.4,0,Pass
MCA20260301,Krishna Reddy,krishna.reddy@university.edu,Information Technology (MSc),3,46.08,49.84,58.34,6.57,4.3,1,Fail
MCA20260302,Shaurya Sharma,shaurya.sharma@university.edu,Information Technology (MSc),4,71.89,47.9,61.64,5.38,5.6,1,Pass
MCA20260303,Ishaan Sharma,ishaan.sharma@university.edu,Information Technology (MSc),6,89.48,66.83,73.81,7.66,3.9,1,Pass
MCA20260304,Vihaan Chatterjee,vihaan.chatterjee@university.edu,Information Technology (MSc),4,91.84,74.33,73.71,7.43,7.4,1,Pass
MCA20260305,Shaurya Joshi,shaurya.joshi@university.edu,Information Technology (MSc),3,87.59,67.7,75.34,7.56,3.2,0,Pass
MCA20260306,Krishna Kumar,krishna.kumar@university.edu,Information Technology (MSc),3,69.36,56.05,70.94,6.4,3.1,0,Pass
MCA20260307,Arjun Patel,arjun.patel@university.edu,Information Technology (MSc),6,86.07,59.26,75.8,6.48,7.8,0,Pass
MCA20260308,Vihaan Nair,vihaan.nair@university.edu,Computer Science (MSc),1,40.0,68.06,75.08,9.27,1.0,0,Fail
MCA20260309,Arjun Gupta,arjun.gupta@university.edu,Computer Science (MSc),3,79.47,72.81,81.86,8.91,2.7,0,Pass
MCA20260310,Pihu Singh,pihu.singh@university.edu,Computer Applications (MCA),2,58.27,75.19,71.54,8.76,5.2,0,Pass
MCA20260311,Riya Choudhury,riya.choudhury@university.edu,Information Technology (MSc),5,57.08,75.07,75.56,7.6,7.0,0,Pass
MCA20260312,Ishaan Singh,ishaan.singh@university.edu,Computer Science (MSc),4,78.81,62.43,63.19,6.64,7.0,2,Pass
MCA20260313,Shaurya Iyer,shaurya.iyer@university.edu,Computer Applications (MCA),4,80.9,77.33,94.91,9.69,1.0,0,Pass
MCA20260314,Aditya Mehta,aditya.mehta@university.edu,Computer Applications (MCA),6,40.55,56.59,50.32,5.87,7.3,1,Fail
MCA20260315,Aadhya Bose,aadhya.bose@university.edu,Computer Science (MSc),1,51.14,54.18,57.01,7.12,3.9,0,Pass
MCA20260316,Aadhya Sharma,aadhya.sharma@university.edu,Computer Science (MSc),5,84.35,79.21,82.24,7.44,6.1,1,Pass
MCA20260317,Sai Pandey,sai.pandey@university.edu,Computer Science (MSc),6,86.71,55.89,76.88,5.97,5.2,4,Pass
MCA20260318,Ishaan Mukherjee,ishaan.mukherjee@university.edu,Computer Science (MSc),6,83.52,54.54,67.73,5.71,5.5,1,Pass
MCA20260319,Ananya Patel,ananya.patel@university.edu,Information Technology (MSc),2,84.91,61.89,70.47,5.5,8.8,2,Pass
MCA20260320,Saanvi Sharma,saanvi.sharma@university.edu,Information Technology (MSc),5,57.78,73.62,71.35,8.45,3.8,0,Pass
MCA20260321,Diya Chatterjee,diya.chatterjee@university.edu,Computer Applications (MCA),6,60.13,45.6,62.93,6.25,4.1,0,Pass
MCA20260322,Aditya Pandey,aditya.pandey@university.edu,Information Technology (MSc),3,75.19,66.63,67.7,6.02,5.9,2,Pass
MCA20260323,Pihu Patel,pihu.patel@university.edu,Computer Applications (MCA),1,62.77,61.23,74.37,6.94,5.3,0,Pass
MCA20260324,Vihaan Nair,vihaan.nair@university.edu,Computer Science (MSc),1,65.33,63.23,71.14,6.26,4.4,0,Pass
MCA20260325,Sai Joshi,sai.joshi@university.edu,Information Technology (MSc),2,68.43,51.84,51.76,5.76,4.3,3,Pass
MCA20260326,Aadhya Pandey,aadhya.pandey@university.edu,Computer Science (MSc),6,88.98,80.66,79.54,8.03,5.5,0,Pass
MCA20260327,Riya Mishra,riya.mishra@university.edu,Information Technology (MSc),6,71.12,75.51,61.21,7.38,6.1,1,Pass
MCA20260328,Arjun Mishra,arjun.mishra@university.edu,Information Technology (MSc),1,73.59,59.68,73.17,7.37,1.1,0,Pass
MCA20260329,Saanvi Chatterjee,saanvi.chatterjee@university.edu,Computer Science (MSc),3,55.26,78.43,88.19,8.82,6.2,0,Pass
MCA20260330,Vihaan Choudhury,vihaan.choudhury@university.edu,Computer Applications (MCA),4,67.06,55.88,82.89,7.89,2.4,0,Pass
MCA20260331,Khushi Joshi,khushi.joshi@university.edu,Computer Science (MSc),1,70.79,57.58,70.87,6.19,5.5,0,Pass
MCA20260332,Ananya Bose,ananya.bose@university.edu,Information Technology (MSc),3,85.59,61.16,72.43,6.77,6.0,2,Pass
MCA20260333,Vihaan Reddy,vihaan.reddy@university.edu,Computer Science (MSc),2,74.44,63.09,56.66,6.39,4.2,0,Pass
MCA20260334,Sai Pandey,sai.pandey@university.edu,Computer Applications (MCA),6,73.52,61.79,70.63,6.88,5.9,0,Pass
MCA20260335,Reyansh Chatterjee,reyansh.chatterjee@university.edu,Computer Applications (MCA),1,88.06,41.45,42.7,4.82,3.6,3,Fail
MCA20260336,Diya Joshi,diya.joshi@university.edu,Computer Applications (MCA),5,95.08,72.51,80.54,7.58,7.7,0,Pass
MCA20260337,Reyansh Gupta,reyansh.gupta@university.edu,Information Technology (MSc),2,74.51,77.21,78.02,9.08,5.3,0,Pass
MCA20260338,Kavya Kumar,kavya.kumar@university.edu,Computer Applications (MCA),3,84.22,72.26,87.09,7.82,7.0,0,Pass
MCA20260339,Arjun Chatterjee,arjun.chatterjee@university.edu,Computer Applications (MCA),3,91.9,80.3,80.59,7.93,6.8,0,Pass
MCA20260340,Arjun Mehta,arjun.mehta@university.edu,Information Technology (MSc),3,94.91,54.87,66.31,4.94,6.4,3,Pass
MCA20260341,Aryan Patel,aryan.patel@university.edu,Information Technology (MSc),1,92.85,67.32,88.58,7.9,3.6,0,Pass
MCA20260342,Arjun Sharma,arjun.sharma@university.edu,Computer Science (MSc),2,96.25,90.08,89.65,9.34,6.5,0,Pass
MCA20260343,Kavya Iyer,kavya.iyer@university.edu,Computer Applications (MCA),2,45.14,80.18,67.87,8.49,6.4,0,Fail
MCA20260344,Arjun Mishra,arjun.mishra@university.edu,Information Technology (MSc),1,85.36,77.98,86.84,9.49,2.9,0,Pass
MCA20260345,Aditya Das,aditya.das@university.edu,Computer Science (MSc),3,77.82,61.64,57.24,6.27,6.9,0,Pass
MCA20260346,Shruti Mukherjee,shruti.mukherjee@university.edu,Computer Applications (MCA),4,66.02,49.42,55.51,4.97,5.5,2,Pass
MCA20260347,Shruti Joshi,shruti.joshi@university.edu,Information Technology (MSc),1,94.44,83.87,83.49,8.66,3.6,0,Pass
MCA20260348,Shruti Nair,shruti.nair@university.edu,Computer Science (MSc),6,56.74,80.59,68.91,7.98,5.5,0,Pass
MCA20260349,Aarav Verma,aarav.verma@university.edu,Computer Science (MSc),4,92.48,69.19,78.83,7.23,7.7,1,Pass
MCA20260350,Pihu Patel,pihu.patel@university.edu,Computer Science (MSc),6,71.72,73.75,80.83,9.0,1.9,0,Pass
MCA20260351,Khushi Gupta,khushi.gupta@university.edu,Computer Applications (MCA),3,62.58,51.05,55.38,6.22,5.7,0,Pass
MCA20260352,Anjali Mehta,anjali.mehta@university.edu,Computer Applications (MCA),2,92.85,79.79,93.67,8.47,7.2,0,Pass
MCA20260353,Ishaan Chatterjee,ishaan.chatterjee@university.edu,Information Technology (MSc),5,62.18,58.51,66.24,6.84,3.0,2,Pass
MCA20260354,Riya Iyer,riya.iyer@university.edu,Computer Science (MSc),5,56.1,61.19,52.01,6.12,5.4,0,Pass
MCA20260355,Shruti Nair,shruti.nair@university.edu,Computer Science (MSc),5,65.29,70.53,81.28,7.61,1.9,0,Pass
MCA20260356,Anjali Mishra,anjali.mishra@university.edu,Computer Applications (MCA),6,69.37,64.09,68.24,6.91,6.4,0,Pass
MCA20260357,Sai Bose,sai.bose@university.edu,Information Technology (MSc),2,94.69,43.81,56.74,4.49,8.3,4,Pass
MCA20260358,Pihu Pandey,pihu.pandey@university.edu,Computer Applications (MCA),4,81.87,35.43,52.96,4.65,5.2,0,Pass
MCA20260359,Diya Pandey,diya.pandey@university.edu,Computer Science (MSc),4,97.57,76.65,98.81,9.59,2.3,0,Pass
MCA20260360,Sai Iyer,sai.iyer@university.edu,Computer Science (MSc),3,93.88,44.91,67.81,5.97,1.6,0,Pass
MCA20260361,Ishaan Choudhury,ishaan.choudhury@university.edu,Computer Applications (MCA),6,53.72,56.78,46.11,4.98,7.4,3,Fail
MCA20260362,Saanvi Gupta,saanvi.gupta@university.edu,Computer Applications (MCA),1,83.68,61.18,75.9,7.11,4.9,0,Pass
MCA20260363,Aditya Mishra,aditya.mishra@university.edu,Computer Applications (MCA),6,48.4,62.29,61.6,6.35,4.2,2,Fail
MCA20260364,Arjun Bose,arjun.bose@university.edu,Computer Applications (MCA),5,82.81,53.49,81.03,6.72,3.7,0,Pass
MCA20260365,Riya Bose,riya.bose@university.edu,Computer Science (MSc),6,93.26,73.33,82.63,7.59,3.9,0,Pass
MCA20260366,Sai Mishra,sai.mishra@university.edu,Computer Science (MSc),6,66.98,60.01,72.7,7.08,6.0,0,Pass
MCA20260367,Pihu Verma,pihu.verma@university.edu,Computer Science (MSc),5,88.48,49.72,63.3,5.35,3.8,2,Pass
MCA20260368,Shaurya Choudhury,shaurya.choudhury@university.edu,Computer Applications (MCA),5,83.35,48.24,68.66,6.53,4.7,0,Pass
MCA20260369,Shruti Kumar,shruti.kumar@university.edu,Computer Applications (MCA),6,55.23,77.85,72.61,7.86,8.8,0,Pass
MCA20260370,Saanvi Joshi,saanvi.joshi@university.edu,Computer Applications (MCA),3,74.45,54.13,71.62,6.94,4.1,0,Pass
MCA20260371,Riya Choudhury,riya.choudhury@university.edu,Computer Applications (MCA),3,65.82,57.43,58.62,5.86,1.0,1,Pass
MCA20260372,Kavya Joshi,kavya.joshi@university.edu,Computer Science (MSc),5,80.17,70.45,76.64,8.0,8.1,0,Pass
MCA20260373,Anjali Chatterjee,anjali.chatterjee@university.edu,Information Technology (MSc),6,76.12,50.6,65.97,6.12,4.9,1,Pass
MCA20260374,Riya Sharma,riya.sharma@university.edu,Information Technology (MSc),6,67.13,66.83,68.49,6.54,3.9,0,Pass
MCA20260375,Ishaan Sharma,ishaan.sharma@university.edu,Computer Applications (MCA),3,65.12,45.67,44.02,4.21,6.0,4,Fail
MCA20260376,Shaurya Iyer,shaurya.iyer@university.edu,Computer Science (MSc),1,86.36,34.19,63.23,4.05,2.7,1,Pass
MCA20260377,Aryan Mehta,aryan.mehta@university.edu,Information Technology (MSc),6,94.18,66.42,68.08,6.23,6.4,0,Pass
MCA20260378,Aadhya Gupta,aadhya.gupta@university.edu,Computer Applications (MCA),6,62.68,76.67,63.81,6.89,5.6,0,Pass
MCA20260379,Aarav Gupta,aarav.gupta@university.edu,Information Technology (MSc),5,45.54,59.81,61.63,7.16,1.3,1,Fail
MCA20260380,Pihu Pandey,pihu.pandey@university.edu,Computer Science (MSc),2,99.13,69.8,81.19,7.15,7.4,0,Pass
MCA20260381,Ananya Nair,ananya.nair@university.edu,Information Technology (MSc),3,67.92,66.0,67.67,7.43,5.6,0,Pass
MCA20260382,Kavya Chatterjee,kavya.chatterjee@university.edu,Computer Applications (MCA),1,40.0,64.41,56.74,6.33,7.7,0,Fail
MCA20260383,Anjali Verma,anjali.verma@university.edu,Information Technology (MSc),1,88.54,74.76,88.03,7.92,7.1,0,Pass
MCA20260384,Ishaan Pandey,ishaan.pandey@university.edu,Information Technology (MSc),4,94.2,68.89,88.64,6.87,7.0,0,Pass
MCA20260385,Saanvi Chatterjee,saanvi.chatterjee@university.edu,Computer Science (MSc),4,92.87,60.25,75.9,6.7,2.3,2,Pass
MCA20260386,Ishaan Kumar,ishaan.kumar@university.edu,Information Technology (MSc),1,89.39,78.2,69.81,7.84,4.4,0,Pass
MCA20260387,Ananya Mishra,ananya.mishra@university.edu,Computer Applications (MCA),3,96.06,55.26,74.36,6.44,1.9,0,Pass
MCA20260388,Kavya Das,kavya.das@university.edu,Information Technology (MSc),6,79.88,46.9,55.76,5.39,5.7,0,Pass
MCA20260389,Shaurya Verma,shaurya.verma@university.edu,Computer Applications (MCA),4,90.46,61.58,76.46,6.68,6.6,1,Pass
MCA20260390,Anjali Verma,anjali.verma@university.edu,Computer Applications (MCA),2,80.92,49.37,68.13,5.94,1.0,1,Pass
MCA20260391,Shaurya Kumar,shaurya.kumar@university.edu,Computer Applications (MCA),3,96.67,70.72,77.91,7.61,4.7,0,Pass
MCA20260392,Shaurya Iyer,shaurya.iyer@university.edu,Computer Applications (MCA),1,87.41,73.25,68.19,6.96,5.1,1,Pass
MCA20260393,Saanvi Mishra,saanvi.mishra@university.edu,Computer Applications (MCA),2,62.32,78.65,73.59,7.52,10.0,0,Pass
MCA20260394,Aadhya Bose,aadhya.bose@university.edu,Information Technology (MSc),2,63.9,75.97,78.21,7.63,7.1,0,Pass
MCA20260395,Shruti Bose,shruti.bose@university.edu,Information Technology (MSc),3,67.52,63.31,71.42,7.57,4.7,0,Pass
MCA20260396,Aditya Reddy,aditya.reddy@university.edu,Information Technology (MSc),1,95.34,40.66,76.06,4.0,2.4,3,Pass
MCA20260397,Pihu Sharma,pihu.sharma@university.edu,Computer Science (MSc),1,80.24,45.88,56.56,5.06,1.7,3,Fail
MCA20260398,Diya Mukherjee,diya.mukherjee@university.edu,Computer Science (MSc),5,80.64,63.42,86.88,8.28,3.3,1,Pass
MCA20260399,Aadhya Mishra,aadhya.mishra@university.edu,Computer Science (MSc),1,78.88,69.3,76.71,7.83,3.6,0,Pass
MCA20260400,Aadhya Sharma,aadhya.sharma@university.edu,Computer Science (MSc),2,99.37,84.54,99.95,8.95,5.4,0,Pass
MCA20260401,Anjali Pandey,anjali.pandey@university.edu,Information Technology (MSc),3,97.92,67.89,69.84,7.17,5.6,0,Pass
MCA20260402,Aditya Mishra,aditya.mishra@university.edu,Computer Applications (MCA),2,63.51,49.93,49.89,5.92,3.9,1,Pass
MCA20260403,Pihu Mukherjee,pihu.mukherjee@university.edu,Computer Science (MSc),5,86.06,53.16,69.14,7.1,1.0,0,Pass
MCA20260404,Aditya Reddy,aditya.reddy@university.edu,Computer Science (MSc),6,70.47,65.3,79.13,7.78,3.2,0,Pass
MCA20260405,Diya Joshi,diya.joshi@university.edu,Computer Science (MSc),2,85.0,63.16,68.9,7.45,4.7,0,Pass
MCA20260406,Aditya Sen,aditya.sen@university.edu,Information Technology (MSc),1,74.76,81.61,79.01,8.94,6.0,0,Pass
MCA20260407,Shruti Sen,shruti.sen@university.edu,Computer Applications (MCA),3,70.52,66.26,69.71,7.05,4.2,0,Pass
MCA20260408,Ananya Mehta,ananya.mehta@university.edu,Computer Applications (MCA),1,76.18,70.65,90.4,8.64,5.4,0,Pass
MCA20260409,Arjun Rao,arjun.rao@university.edu,Computer Applications (MCA),2,86.12,56.67,79.99,6.72,3.1,0,Pass
MCA20260410,Anjali Mehta,anjali.mehta@university.edu,Information Technology (MSc),1,60.68,58.93,59.43,6.02,2.3,1,Fail
MCA20260411,Aryan Das,aryan.das@university.edu,Computer Science (MSc),5,66.99,54.08,68.08,5.87,7.6,0,Pass
MCA20260412,Kavya Pandey,kavya.pandey@university.edu,Information Technology (MSc),5,86.59,58.81,71.83,6.56,4.6,2,Pass
MCA20260413,Anjali Iyer,anjali.iyer@university.edu,Information Technology (MSc),3,87.79,90.6,100.0,9.18,5.6,0,Pass
MCA20260414,Arjun Pandey,arjun.pandey@university.edu,Computer Applications (MCA),4,91.84,63.99,86.86,7.66,2.0,0,Pass
MCA20260415,Khushi Nair,khushi.nair@university.edu,Computer Science (MSc),5,68.23,48.36,45.99,6.13,1.3,2,Pass
MCA20260416,Vihaan Choudhury,vihaan.choudhury@university.edu,Information Technology (MSc),1,66.5,77.83,88.38,8.58,6.2,0,Pass
MCA20260417,Shaurya Pandey,shaurya.pandey@university.edu,Computer Science (MSc),1,77.67,58.74,73.53,6.07,8.3,0,Pass
MCA20260418,Vihaan Choudhury,vihaan.choudhury@university.edu,Computer Science (MSc),1,96.53,73.87,77.86,7.06,5.4,0,Pass
MCA20260419,Aditya Chatterjee,aditya.chatterjee@university.edu,Information Technology (MSc),5,86.44,53.07,55.67,5.27,4.3,0,Pass
MCA20260420,Aadhya Pandey,aadhya.pandey@university.edu,Information Technology (MSc),5,79.2,57.49,56.43,4.97,8.1,2,Pass
MCA20260421,Vihaan Pandey,vihaan.pandey@university.edu,Information Technology (MSc),6,64.37,73.81,76.52,8.3,4.2,0,Pass
MCA20260422,Reyansh Iyer,reyansh.iyer@university.edu,Information Technology (MSc),4,75.13,54.55,62.57,5.8,3.3,1,Pass
MCA20260423,Shruti Mehta,shruti.mehta@university.edu,Computer Applications (MCA),4,84.49,71.64,77.98,8.12,5.1,0,Pass
MCA20260424,Sai Iyer,sai.iyer@university.edu,Information Technology (MSc),1,90.96,63.62,81.74,7.29,2.8,0,Pass
MCA20260425,Shruti Singh,shruti.singh@university.edu,Computer Applications (MCA),2,67.48,44.15,56.19,4.7,5.5,0,Pass
MCA20260426,Khushi Pandey,khushi.pandey@university.edu,Information Technology (MSc),5,96.04,68.68,71.45,7.86,4.1,0,Pass
MCA20260427,Anjali Singh,anjali.singh@university.edu,Computer Science (MSc),3,63.15,86.83,74.64,7.63,8.3,0,Pass
MCA20260428,Shaurya Reddy,shaurya.reddy@university.edu,Computer Science (MSc),3,73.66,83.31,79.82,9.09,6.3,0,Pass
MCA20260429,Anjali Verma,anjali.verma@university.edu,Information Technology (MSc),6,87.44,71.78,86.95,7.09,4.0,0,Pass
MCA20260430,Diya Gupta,diya.gupta@university.edu,Computer Science (MSc),1,83.8,72.84,83.07,7.54,4.5,0,Pass
MCA20260431,Riya Reddy,riya.reddy@university.edu,Computer Science (MSc),3,58.8,73.43,65.68,8.25,4.6,0,Pass
MCA20260432,Anjali Mehta,anjali.mehta@university.edu,Computer Science (MSc),1,90.03,70.54,77.47,7.67,4.8,0,Pass
MCA20260433,Kavya Mehta,kavya.mehta@university.edu,Computer Science (MSc),3,64.13,74.79,66.7,7.59,5.9,0,Pass
MCA20260434,Aadhya Mehta,aadhya.mehta@university.edu,Information Technology (MSc),6,82.35,71.27,93.68,8.46,2.6,0,Pass
MCA20260435,Aditya Nair,aditya.nair@university.edu,Information Technology (MSc),4,74.22,54.67,80.3,6.85,1.0,1,Pass
MCA20260436,Diya Mehta,diya.mehta@university.edu,Information Technology (MSc),6,89.61,68.67,78.92,7.3,6.7,0,Pass
MCA20260437,Shruti Gupta,shruti.gupta@university.edu,Information Technology (MSc),6,84.3,80.29,87.81,8.42,5.4,0,Pass
MCA20260438,Pihu Sen,pihu.sen@university.edu,Computer Science (MSc),1,77.87,85.01,78.25,8.26,7.7,1,Pass
MCA20260439,Ananya Nair,ananya.nair@university.edu,Computer Applications (MCA),2,59.63,63.52,57.73,5.9,3.4,3,Fail
MCA20260440,Diya Das,diya.das@university.edu,Computer Applications (MCA),2,91.12,79.54,85.48,7.45,6.9,0,Pass
MCA20260441,Arjun Mehta,arjun.mehta@university.edu,Computer Applications (MCA),3,78.37,63.73,71.21,6.86,5.0,0,Pass
MCA20260442,Sai Sen,sai.sen@university.edu,Information Technology (MSc),6,85.43,58.41,75.56,7.57,5.8,0,Pass
MCA20260443,Shruti Verma,shruti.verma@university.edu,Information Technology (MSc),3,63.88,73.66,71.52,7.47,4.6,0,Pass
MCA20260444,Anjali Mehta,anjali.mehta@university.edu,Information Technology (MSc),4,97.74,61.81,86.7,6.9,4.4,0,Pass
MCA20260445,Arjun Singh,arjun.singh@university.edu,Computer Applications (MCA),6,78.89,54.51,73.78,5.6,6.0,3,Pass
MCA20260446,Anjali Singh,anjali.singh@university.edu,Information Technology (MSc),4,88.34,61.24,91.53,7.63,4.0,0,Pass
MCA20260447,Vihaan Mishra,vihaan.mishra@university.edu,Computer Science (MSc),6,90.8,54.62,67.86,5.32,7.2,4,Fail
MCA20260448,Krishna Pandey,krishna.pandey@university.edu,Information Technology (MSc),3,72.94,47.95,67.27,6.39,2.8,2,Pass
MCA20260449,Khushi Joshi,khushi.joshi@university.edu,Information Technology (MSc),2,86.46,64.76,75.27,7.01,3.9,0,Pass
MCA20260450,Shaurya Das,shaurya.das@university.edu,Computer Applications (MCA),3,93.24,43.82,61.21,5.04,5.6,2,Pass
MCA20260451,Kavya Pandey,kavya.pandey@university.edu,Computer Science (MSc),3,50.04,76.63,66.84,8.74,5.8,0,Pass
MCA20260452,Aadhya Sen,aadhya.sen@university.edu,Information Technology (MSc),4,91.1,64.56,80.9,8.27,1.3,0,Pass
MCA20260453,Aryan Kumar,aryan.kumar@university.edu,Information Technology (MSc),2,77.78,76.3,75.59,7.29,9.4,1,Pass
MCA20260454,Ishaan Verma,ishaan.verma@university.edu,Information Technology (MSc),4,65.94,55.2,66.0,6.13,4.8,0,Pass
MCA20260455,Ananya Bose,ananya.bose@university.edu,Computer Applications (MCA),6,69.03,87.66,86.7,9.54,6.0,0,Pass
MCA20260456,Shruti Patel,shruti.patel@university.edu,Computer Science (MSc),1,86.95,48.05,55.62,6.04,3.8,2,Pass
MCA20260457,Aryan Rao,aryan.rao@university.edu,Computer Science (MSc),5,62.01,68.64,80.26,7.51,6.9,0,Pass
MCA20260458,Arjun Mishra,arjun.mishra@university.edu,Computer Applications (MCA),2,88.5,56.15,68.48,6.95,2.0,0,Pass
MCA20260459,Khushi Choudhury,khushi.choudhury@university.edu,Computer Applications (MCA),4,96.59,75.54,85.39,9.18,3.4,0,Pass
MCA20260460,Vihaan Reddy,vihaan.reddy@university.edu,Information Technology (MSc),3,61.5,49.83,54.82,5.11,5.1,3,Pass
MCA20260461,Krishna Reddy,krishna.reddy@university.edu,Computer Applications (MCA),3,67.24,43.71,51.54,5.13,4.3,2,Pass
MCA20260462,Krishna Sharma,krishna.sharma@university.edu,Computer Science (MSc),1,58.94,59.24,67.73,5.82,6.4,2,Pass
MCA20260463,Diya Mehta,diya.mehta@university.edu,Computer Applications (MCA),1,41.73,81.08,65.36,7.59,5.4,0,Fail
MCA20260464,Saanvi Mehta,saanvi.mehta@university.edu,Information Technology (MSc),4,81.55,46.03,62.72,5.19,4.5,0,Pass
MCA20260465,Khushi Chatterjee,khushi.chatterjee@university.edu,Computer Applications (MCA),1,79.78,85.94,86.79,9.43,3.4,0,Pass
MCA20260466,Aarav Rao,aarav.rao@university.edu,Computer Applications (MCA),2,70.22,61.09,75.23,7.36,2.8,0,Pass
MCA20260467,Riya Chatterjee,riya.chatterjee@university.edu,Information Technology (MSc),4,82.87,72.97,75.19,7.71,3.4,0,Pass
MCA20260468,Sai Nair,sai.nair@university.edu,Computer Applications (MCA),3,94.28,71.01,91.25,8.18,6.0,0,Pass
MCA20260469,Sai Verma,sai.verma@university.edu,Computer Applications (MCA),4,88.05,85.24,92.66,8.33,7.2,0,Pass
MCA20260470,Anjali Pandey,anjali.pandey@university.edu,Computer Applications (MCA),1,74.48,76.86,77.82,8.5,6.7,0,Pass
MCA20260471,Saanvi Chatterjee,saanvi.chatterjee@university.edu,Information Technology (MSc),1,64.98,59.93,77.54,7.12,1.1,0,Pass
MCA20260472,Shruti Mukherjee,shruti.mukherjee@university.edu,Computer Applications (MCA),6,75.94,64.0,67.68,6.19,5.7,0,Pass
MCA20260473,Arjun Nair,arjun.nair@university.edu,Computer Science (MSc),1,83.21,52.02,69.4,6.64,3.9,1,Pass
MCA20260474,Anjali Choudhury,anjali.choudhury@university.edu,Computer Applications (MCA),5,61.81,73.24,81.73,8.02,6.1,0,Pass
MCA20260475,Pihu Singh,pihu.singh@university.edu,Information Technology (MSc),6,46.21,63.77,67.03,6.61,8.0,0,Fail
MCA20260476,Ananya Gupta,ananya.gupta@university.edu,Information Technology (MSc),5,84.11,70.85,89.58,7.99,1.9,0,Pass
MCA20260477,Shruti Sen,shruti.sen@university.edu,Information Technology (MSc),1,90.11,61.73,81.3,7.66,2.7,0,Pass
MCA20260478,Aadhya Das,aadhya.das@university.edu,Computer Applications (MCA),6,62.97,76.88,76.31,7.82,6.7,0,Pass
MCA20260479,Aadhya Choudhury,aadhya.choudhury@university.edu,Computer Science (MSc),6,88.64,58.49,75.03,6.56,5.6,0,Pass
MCA20260480,Aarav Choudhury,aarav.choudhury@university.edu,Computer Applications (MCA),3,85.41,66.9,75.41,6.65,3.8,0,Pass
MCA20260481,Krishna Patel,krishna.patel@university.edu,Information Technology (MSc),6,80.6,63.5,81.36,7.58,2.3,0,Pass
MCA20260482,Diya Mehta,diya.mehta@university.edu,Computer Applications (MCA),3,85.09,61.78,65.94,6.08,3.8,0,Pass
MCA20260483,Riya Iyer,riya.iyer@university.edu,Information Technology (MSc),2,89.25,90.53,85.42,9.57,7.1,0,Pass
MCA20260484,Khushi Das,khushi.das@university.edu,Information Technology (MSc),2,87.22,53.71,73.95,6.15,6.0,0,Pass
MCA20260485,Arjun Gupta,arjun.gupta@university.edu,Information Technology (MSc),4,84.02,42.29,63.36,5.13,6.5,1,Pass
MCA20260486,Vihaan Nair,vihaan.nair@university.edu,Computer Applications (MCA),1,80.11,85.88,72.93,8.21,7.8,0,Pass
MCA20260487,Reyansh Verma,reyansh.verma@university.edu,Computer Science (MSc),3,92.01,71.49,81.07,6.91,8.4,1,Pass
MCA20260488,Shruti Reddy,shruti.reddy@university.edu,Information Technology (MSc),4,87.87,58.83,81.24,6.84,3.8,0,Pass
MCA20260489,Ishaan Verma,ishaan.verma@university.edu,Information Technology (MSc),2,91.81,67.89,76.35,6.79,8.6,0,Pass
MCA20260490,Shaurya Choudhury,shaurya.choudhury@university.edu,Computer Applications (MCA),6,67.56,84.98,70.11,8.3,7.0,0,Pass
MCA20260491,Diya Rao,diya.rao@university.edu,Computer Applications (MCA),3,74.97,78.08,83.14,8.85,5.3,0,Pass
MCA20260492,Pihu Reddy,pihu.reddy@university.edu,Information Technology (MSc),4,73.91,65.1,83.57,7.79,4.3,0,Pass
MCA20260493,Aadhya Iyer,aadhya.iyer@university.edu,Computer Applications (MCA),4,57.26,64.35,57.64,5.79,4.0,2,Pass
MCA20260494,Saanvi Choudhury,saanvi.choudhury@university.edu,Information Technology (MSc),3,47.19,82.43,67.26,8.71,5.7,0,Fail
MCA20260495,Pihu Gupta,pihu.gupta@university.edu,Computer Science (MSc),5,82.61,54.54,50.92,5.46,6.7,2,Fail
MCA20260496,Aryan Bose,aryan.bose@university.edu,Computer Science (MSc),3,83.54,82.77,80.79,9.14,6.3,0,Pass
MCA20260497,Sai Gupta,sai.gupta@university.edu,Computer Science (MSc),6,77.96,58.31,66.23,5.91,6.2,1,Pass
MCA20260498,Shaurya Nair,shaurya.nair@university.edu,Computer Science (MSc),5,90.71,69.61,60.55,7.01,6.4,1,Pass
MCA20260499,Pihu Singh,pihu.singh@university.edu,Information Technology (MSc),4,79.98,75.02,87.39,8.32,2.9,0,Pass
MCA20260500,Ananya Pandey,ananya.pandey@university.edu,Computer Applications (MCA),6,86.59,60.75,66.04,6.36,7.9,0,Pass
MCA20260501,Ananya Chatterjee,ananya.chatterjee@university.edu,Computer Science (MSc),3,64.8,65.27,70.43,6.85,5.5,0,Pass
MCA20260502,Vihaan Gupta,vihaan.gupta@university.edu,Information Technology (MSc),6,87.14,73.09,84.93,7.89,6.3,0,Pass
MCA20260503,Aadhya Choudhury,aadhya.choudhury@university.edu,Information Technology (MSc),6,93.44,67.31,88.87,6.64,6.2,2,Pass
MCA20260504,Aryan Sharma,aryan.sharma@university.edu,Computer Applications (MCA),5,83.23,59.16,72.81,6.84,5.1,0,Pass
MCA20260505,Khushi Verma,khushi.verma@university.edu,Computer Applications (MCA),1,97.24,66.47,75.96,7.36,4.9,0,Pass
MCA20260506,Krishna Choudhury,krishna.choudhury@university.edu,Computer Science (MSc),4,52.22,67.15,71.84,7.7,5.0,0,Pass
MCA20260507,Kavya Verma,kavya.verma@university.edu,Information Technology (MSc),2,78.98,68.84,75.8,7.9,4.5,0,Pass
MCA20260508,Khushi Choudhury,khushi.choudhury@university.edu,Computer Science (MSc),4,40.1,69.43,74.19,8.0,2.5,0,Fail
MCA20260509,Kavya Mehta,kavya.mehta@university.edu,Information Technology (MSc),3,51.0,81.78,81.0,8.83,6.6,0,Pass
MCA20260510,Aadhya Iyer,aadhya.iyer@university.edu,Information Technology (MSc),3,40.0,34.99,47.0,4.0,2.8,3,Fail
MCA20260511,Sai Sharma,sai.sharma@university.edu,Information Technology (MSc),2,40.28,55.18,55.64,6.32,3.7,0,Fail
MCA20260512,Aadhya Bose,aadhya.bose@university.edu,Computer Applications (MCA),3,94.26,45.09,50.04,4.86,6.0,2,Pass
MCA20260513,Ishaan Pandey,ishaan.pandey@university.edu,Computer Applications (MCA),5,85.93,62.32,90.31,7.99,1.8,0,Pass
MCA20260514,Shaurya Das,shaurya.das@university.edu,Computer Applications (MCA),1,98.78,59.88,84.9,6.9,5.6,0,Pass
MCA20260515,Arjun Gupta,arjun.gupta@university.edu,Computer Science (MSc),2,68.06,52.0,61.69,5.15,5.5,3,Fail
MCA20260516,Khushi Gupta,khushi.gupta@university.edu,Information Technology (MSc),3,75.43,58.33,76.26,6.29,4.1,0,Pass
MCA20260517,Ananya Gupta,ananya.gupta@university.edu,Information Technology (MSc),5,50.63,58.47,55.39,6.23,6.1,1,Pass
MCA20260518,Shaurya Nair,shaurya.nair@university.edu,Computer Applications (MCA),6,40.0,69.32,53.86,6.39,9.7,1,Fail
MCA20260519,Aryan Choudhury,aryan.choudhury@university.edu,Information Technology (MSc),2,93.51,63.55,79.05,7.16,5.4,0,Pass
MCA20260520,Sai Kumar,sai.kumar@university.edu,Computer Applications (MCA),2,96.68,66.63,82.61,8.24,5.5,0,Pass
MCA20260521,Saanvi Sharma,saanvi.sharma@university.edu,Computer Science (MSc),5,68.0,65.53,77.79,7.77,3.3,0,Pass
MCA20260522,Kavya Choudhury,kavya.choudhury@university.edu,Computer Science (MSc),5,72.72,49.89,57.32,5.98,6.3,0,Pass
MCA20260523,Arjun Chatterjee,arjun.chatterjee@university.edu,Computer Applications (MCA),1,85.23,56.76,64.75,5.98,4.2,1,Pass
MCA20260524,Shaurya Reddy,shaurya.reddy@university.edu,Information Technology (MSc),6,80.46,66.67,78.09,8.8,3.4,0,Pass
MCA20260525,Saanvi Sen,saanvi.sen@university.edu,Computer Science (MSc),4,90.13,68.72,82.19,7.57,8.3,0,Pass
MCA20260526,Kavya Gupta,kavya.gupta@university.edu,Computer Applications (MCA),3,96.42,63.73,88.1,7.14,4.7,0,Pass
MCA20260527,Aditya Pandey,aditya.pandey@university.edu,Computer Science (MSc),6,66.83,76.3,77.22,8.68,5.0,1,Pass
MCA20260528,Shruti Choudhury,shruti.choudhury@university.edu,Computer Applications (MCA),5,86.44,55.35,63.44,5.69,3.5,1,Pass
MCA20260529,Kavya Singh,kavya.singh@university.edu,Computer Applications (MCA),4,62.59,56.08,57.09,5.53,5.7,3,Fail
MCA20260530,Shruti Verma,shruti.verma@university.edu,Computer Applications (MCA),5,80.72,67.98,66.23,6.81,5.6,0,Pass
MCA20260531,Arjun Nair,arjun.nair@university.edu,Computer Applications (MCA),2,53.38,44.74,35.42,4.7,3.0,1,Fail
MCA20260532,Diya Joshi,diya.joshi@university.edu,Computer Science (MSc),5,96.29,71.69,79.18,7.37,6.8,0,Pass
MCA20260533,Shaurya Gupta,shaurya.gupta@university.edu,Computer Science (MSc),2,45.4,72.55,79.48,7.88,4.8,0,Fail
MCA20260534,Riya Rao,riya.rao@university.edu,Computer Applications (MCA),6,86.2,50.85,74.31,6.02,4.1,0,Pass
MCA20260535,Shaurya Chatterjee,shaurya.chatterjee@university.edu,Information Technology (MSc),1,76.13,75.53,79.53,8.08,8.2,0,Pass
MCA20260536,Shruti Singh,shruti.singh@university.edu,Information Technology (MSc),5,49.49,46.33,49.02,6.32,4.9,0,Fail
MCA20260537,Anjali Chatterjee,anjali.chatterjee@university.edu,Computer Science (MSc),5,69.67,69.92,79.96,7.81,5.0,0,Pass
MCA20260538,Vihaan Sharma,vihaan.sharma@university.edu,Computer Applications (MCA),1,51.02,62.26,65.71,6.38,9.4,0,Pass
MCA20260539,Kavya Rao,kavya.rao@university.edu,Information Technology (MSc),2,68.23,60.36,77.48,7.18,7.1,0,Pass
MCA20260540,Kavya Mishra,kavya.mishra@university.edu,Information Technology (MSc),6,80.18,55.81,62.7,5.85,2.6,2,Pass
MCA20260541,Aarav Das,aarav.das@university.edu,Information Technology (MSc),5,63.55,68.21,64.97,7.57,4.6,0,Pass
MCA20260542,Shaurya Nair,shaurya.nair@university.edu,Computer Science (MSc),2,83.45,96.39,90.58,9.29,7.1,0,Pass
MCA20260543,Aadhya Nair,aadhya.nair@university.edu,Computer Science (MSc),1,54.41,62.5,59.07,6.34,5.2,1,Pass
MCA20260544,Vihaan Singh,vihaan.singh@university.edu,Computer Science (MSc),4,70.58,68.44,69.6,7.58,4.3,0,Pass
MCA20260545,Saanvi Pandey,saanvi.pandey@university.edu,Computer Applications (MCA),3,80.16,69.58,69.99,7.44,5.8,0,Pass
MCA20260546,Anjali Mehta,anjali.mehta@university.edu,Computer Science (MSc),6,71.57,39.92,52.01,5.72,2.2,3,Fail
MCA20260547,Diya Choudhury,diya.choudhury@university.edu,Computer Science (MSc),2,75.05,61.15,75.99,7.12,4.5,0,Pass
MCA20260548,Ananya Sen,ananya.sen@university.edu,Information Technology (MSc),1,69.85,63.71,70.88,6.8,5.2,1,Pass
MCA20260549,Diya Joshi,diya.joshi@university.edu,Computer Science (MSc),1,62.26,55.17,69.89,6.41,3.6,1,Pass
MCA20260550,Ishaan Pandey,ishaan.pandey@university.edu,Computer Applications (MCA),2,88.21,69.2,79.11,7.08,4.6,0,Pass
MCA20260551,Sai Verma,sai.verma@university.edu,Computer Science (MSc),4,72.4,67.23,66.53,5.84,4.6,1,Pass
MCA20260552,Anjali Mishra,anjali.mishra@university.edu,Computer Applications (MCA),2,94.18,52.42,72.3,5.82,2.7,1,Pass
MCA20260553,Diya Mukherjee,diya.mukherjee@university.edu,Information Technology (MSc),3,96.3,58.44,67.17,6.66,5.4,2,Pass
MCA20260554,Reyansh Singh,reyansh.singh@university.edu,Computer Science (MSc),5,86.18,46.67,72.86,6.24,5.4,0,Pass
MCA20260555,Khushi Das,khushi.das@university.edu,Computer Science (MSc),4,69.12,73.32,77.98,8.31,3.3,0,Pass
MCA20260556,Aarav Gupta,aarav.gupta@university.edu,Computer Science (MSc),5,80.63,71.51,82.84,8.07,4.0,0,Pass
MCA20260557,Khushi Joshi,khushi.joshi@university.edu,Computer Applications (MCA),5,88.38,69.98,61.75,7.22,8.6,0,Pass
MCA20260558,Ananya Verma,ananya.verma@university.edu,Computer Applications (MCA),3,72.19,70.4,67.73,6.32,6.9,0,Pass
MCA20260559,Saanvi Chatterjee,saanvi.chatterjee@university.edu,Information Technology (MSc),6,42.81,57.37,64.91,6.19,4.8,1,Fail
MCA20260560,Riya Sharma,riya.sharma@university.edu,Computer Applications (MCA),4,71.86,67.58,65.79,6.72,5.8,0,Pass
MCA20260561,Arjun Rao,arjun.rao@university.edu,Information Technology (MSc),3,90.67,82.23,96.32,9.63,1.7,0,Pass
MCA20260562,Aadhya Choudhury,aadhya.choudhury@university.edu,Computer Applications (MCA),4,73.35,72.41,83.18,7.63,3.9,0,Pass
MCA20260563,Vihaan Mukherjee,vihaan.mukherjee@university.edu,Information Technology (MSc),2,54.64,52.3,49.71,5.68,2.1,2,Fail
MCA20260564,Ananya Bose,ananya.bose@university.edu,Computer Science (MSc),1,96.67,67.6,75.45,7.92,7.7,0,Pass
MCA20260565,Aadhya Sen,aadhya.sen@university.edu,Computer Science (MSc),5,89.13,74.75,73.6,7.53,6.4,0,Pass
MCA20260566,Ishaan Chatterjee,ishaan.chatterjee@university.edu,Information Technology (MSc),5,83.55,68.71,82.01,8.37,3.3,0,Pass
MCA20260567,Sai Mehta,sai.mehta@university.edu,Computer Applications (MCA),4,69.4,53.86,66.66,6.94,2.0,2,Pass
MCA20260568,Ananya Iyer,ananya.iyer@university.edu,Information Technology (MSc),3,63.72,47.7,52.76,5.27,5.4,2,Fail
MCA20260569,Arjun Kumar,arjun.kumar@university.edu,Information Technology (MSc),5,63.69,63.14,61.31,6.6,3.5,0,Pass
MCA20260570,Aadhya Sen,aadhya.sen@university.edu,Computer Applications (MCA),1,91.85,72.47,84.7,8.4,5.9,0,Pass
MCA20260571,Vihaan Mehta,vihaan.mehta@university.edu,Information Technology (MSc),3,56.18,73.5,67.39,8.59,5.3,0,Pass
MCA20260572,Saanvi Sen,saanvi.sen@university.edu,Computer Science (MSc),2,58.67,59.9,61.06,6.37,5.2,0,Pass
MCA20260573,Anjali Sen,anjali.sen@university.edu,Computer Applications (MCA),3,90.5,50.43,76.75,5.85,2.5,3,Pass
MCA20260574,Anjali Iyer,anjali.iyer@university.edu,Computer Applications (MCA),4,68.31,72.78,78.29,7.74,6.5,1,Pass
MCA20260575,Anjali Nair,anjali.nair@university.edu,Information Technology (MSc),3,85.05,66.96,69.93,7.23,6.7,2,Pass
MCA20260576,Shruti Sen,shruti.sen@university.edu,Information Technology (MSc),4,95.86,62.37,89.77,8.51,1.0,0,Pass
MCA20260577,Kavya Nair,kavya.nair@university.edu,Computer Science (MSc),1,51.87,69.63,62.39,7.31,6.1,0,Pass
MCA20260578,Ananya Iyer,ananya.iyer@university.edu,Information Technology (MSc),1,84.85,68.77,80.94,8.25,4.0,0,Pass
MCA20260579,Pihu Mukherjee,pihu.mukherjee@university.edu,Computer Science (MSc),6,92.18,67.29,62.85,7.09,6.9,2,Pass
MCA20260580,Aarav Chatterjee,aarav.chatterjee@university.edu,Computer Science (MSc),3,74.78,70.6,78.4,7.7,4.3,0,Pass
MCA20260581,Kavya Mukherjee,kavya.mukherjee@university.edu,Computer Applications (MCA),6,85.15,69.72,73.25,6.93,6.5,0,Pass
MCA20260582,Vihaan Mukherjee,vihaan.mukherjee@university.edu,Computer Science (MSc),2,64.67,54.13,51.73,5.51,2.8,0,Pass
MCA20260583,Shruti Chatterjee,shruti.chatterjee@university.edu,Computer Science (MSc),2,69.28,61.12,75.96,7.17,1.1,1,Pass
MCA20260584,Krishna Verma,krishna.verma@university.edu,Information Technology (MSc),6,81.29,32.67,49.89,4.06,4.0,0,Pass
MCA20260585,Sai Kumar,sai.kumar@university.edu,Computer Applications (MCA),4,85.67,59.55,88.16,8.09,1.0,1,Pass
MCA20260586,Diya Mishra,diya.mishra@university.edu,Computer Applications (MCA),4,59.69,62.05,82.67,8.65,2.4,0,Pass
MCA20260587,Reyansh Mishra,reyansh.mishra@university.edu,Information Technology (MSc),5,95.81,66.31,85.59,8.21,4.0,0,Pass
MCA20260588,Saanvi Verma,saanvi.verma@university.edu,Information Technology (MSc),2,70.6,69.3,72.49,6.9,6.5,0,Pass
MCA20260589,Shruti Kumar,shruti.kumar@university.edu,Information Technology (MSc),3,93.21,53.99,77.98,6.41,3.5,0,Pass
MCA20260590,Saanvi Sen,saanvi.sen@university.edu,Computer Science (MSc),3,69.7,76.84,73.13,7.6,4.8,0,Pass
MCA20260591,Aryan Pandey,aryan.pandey@university.edu,Information Technology (MSc),3,76.85,85.04,91.86,9.2,8.4,0,Pass
MCA20260592,Riya Choudhury,riya.choudhury@university.edu,Information Technology (MSc),6,63.53,80.6,81.27,8.94,7.7,0,Pass
MCA20260593,Ishaan Chatterjee,ishaan.chatterjee@university.edu,Computer Science (MSc),2,64.1,64.19,67.9,7.17,2.9,1,Pass
MCA20260594,Krishna Rao,krishna.rao@university.edu,Information Technology (MSc),3,77.7,50.88,57.6,5.74,3.0,0,Pass
MCA20260595,Krishna Nair,krishna.nair@university.edu,Computer Science (MSc),6,70.81,77.89,87.54,8.43,8.8,0,Pass
MCA20260596,Reyansh Das,reyansh.das@university.edu,Computer Science (MSc),4,74.6,75.73,81.41,7.47,8.1,0,Pass
MCA20260597,Ananya Bose,ananya.bose@university.edu,Information Technology (MSc),3,86.27,73.15,78.18,7.75,5.2,0,Pass
MCA20260598,Shaurya Patel,shaurya.patel@university.edu,Information Technology (MSc),6,92.95,64.36,86.06,7.42,4.2,0,Pass
MCA20260599,Riya Reddy,riya.reddy@university.edu,Computer Science (MSc),3,99.7,75.73,76.28,7.02,5.8,0,Pass
MCA20260600,Arjun Nair,arjun.nair@university.edu,Computer Applications (MCA),3,61.17,70.13,72.61,7.62,6.9,0,Pass
MCA20260601,Aditya Choudhury,aditya.choudhury@university.edu,Computer Science (MSc),6,60.06,65.43,73.62,7.48,4.3,2,Pass
MCA20260602,Ishaan Das,ishaan.das@university.edu,Computer Applications (MCA),2,78.74,71.03,87.86,9.33,1.5,0,Pass
MCA20260603,Riya Rao,riya.rao@university.edu,Information Technology (MSc),6,60.56,66.92,69.65,7.15,7.0,0,Pass
MCA20260604,Ishaan Mehta,ishaan.mehta@university.edu,Computer Applications (MCA),5,79.8,72.07,75.6,8.86,2.0,0,Pass
MCA20260605,Kavya Joshi,kavya.joshi@university.edu,Computer Applications (MCA),1,91.07,56.31,78.63,7.22,2.4,1,Pass
MCA20260606,Shruti Joshi,shruti.joshi@university.edu,Information Technology (MSc),2,93.87,56.87,81.25,6.51,5.1,0,Pass
MCA20260607,Vihaan Patel,vihaan.patel@university.edu,Computer Science (MSc),3,70.95,58.41,63.73,5.94,5.7,2,Pass
MCA20260608,Saanvi Patel,saanvi.patel@university.edu,Information Technology (MSc),2,78.68,61.93,66.98,6.49,6.2,0,Pass
MCA20260609,Aarav Bose,aarav.bose@university.edu,Computer Applications (MCA),4,82.37,56.92,64.33,5.96,5.2,1,Pass
MCA20260610,Saanvi Das,saanvi.das@university.edu,Information Technology (MSc),2,74.3,59.4,64.82,6.45,4.5,0,Pass
MCA20260611,Shaurya Iyer,shaurya.iyer@university.edu,Computer Science (MSc),6,83.58,45.94,58.63,5.74,4.1,1,Pass
MCA20260612,Vihaan Gupta,vihaan.gupta@university.edu,Information Technology (MSc),5,67.12,65.67,68.56,7.46,4.6,0,Pass
MCA20260613,Krishna Bose,krishna.bose@university.edu,Information Technology (MSc),6,93.32,66.01,86.0,7.64,1.5,0,Pass
MCA20260614,Vihaan Singh,vihaan.singh@university.edu,Computer Science (MSc),2,80.47,54.85,70.38,6.12,2.5,0,Pass
MCA20260615,Vihaan Reddy,vihaan.reddy@university.edu,Computer Science (MSc),2,60.7,68.06,71.84,7.82,5.1,0,Pass
MCA20260616,Shaurya Verma,shaurya.verma@university.edu,Computer Applications (MCA),3,88.08,57.69,77.73,6.73,1.8,0,Pass
MCA20260617,Kavya Chatterjee,kavya.chatterjee@university.edu,Computer Applications (MCA),3,95.56,76.98,77.28,8.04,5.1,0,Pass
MCA20260618,Shaurya Pandey,shaurya.pandey@university.edu,Information Technology (MSc),5,81.92,60.75,73.99,6.8,8.9,0,Pass
MCA20260619,Shruti Das,shruti.das@university.edu,Computer Applications (MCA),5,79.44,63.29,72.95,6.42,6.0,2,Pass
MCA20260620,Khushi Rao,khushi.rao@university.edu,Computer Applications (MCA),1,97.99,53.98,75.57,5.65,4.3,4,Pass
MCA20260621,Diya Singh,diya.singh@university.edu,Information Technology (MSc),4,91.59,65.13,78.57,8.02,1.0,0,Pass
MCA20260622,Ishaan Singh,ishaan.singh@university.edu,Computer Applications (MCA),6,90.57,44.87,56.13,5.08,1.7,0,Pass
MCA20260623,Diya Nair,diya.nair@university.edu,Information Technology (MSc),6,86.84,48.88,82.68,6.49,2.5,0,Pass
MCA20260624,Reyansh Singh,reyansh.singh@university.edu,Information Technology (MSc),6,40.0,57.21,46.63,6.13,3.0,0,Fail
MCA20260625,Pihu Sen,pihu.sen@university.edu,Computer Science (MSc),1,65.66,74.99,79.34,8.67,7.5,0,Pass
MCA20260626,Aadhya Patel,aadhya.patel@university.edu,Computer Applications (MCA),2,89.67,57.73,56.17,5.57,4.2,3,Pass
MCA20260627,Saanvi Iyer,saanvi.iyer@university.edu,Computer Applications (MCA),1,66.78,46.82,54.94,5.4,6.3,3,Fail
MCA20260628,Ishaan Reddy,ishaan.reddy@university.edu,Computer Applications (MCA),4,66.8,76.98,70.26,8.52,6.4,0,Pass
MCA20260629,Ishaan Iyer,ishaan.iyer@university.edu,Computer Science (MSc),5,63.01,74.69,71.62,8.47,4.7,0,Pass
MCA20260630,Kavya Sharma,kavya.sharma@university.edu,Computer Science (MSc),6,71.21,64.97,75.55,7.06,4.8,0,Pass
MCA20260631,Ananya Joshi,ananya.joshi@university.edu,Computer Applications (MCA),6,94.85,73.85,69.85,7.3,6.3,0,Pass
MCA20260632,Sai Pandey,sai.pandey@university.edu,Computer Science (MSc),2,88.1,59.08,85.55,7.01,3.4,0,Pass
MCA20260633,Aadhya Sen,aadhya.sen@university.edu,Information Technology (MSc),3,98.04,67.48,83.87,8.13,2.4,0,Pass
MCA20260634,Sai Nair,sai.nair@university.edu,Computer Science (MSc),5,88.1,55.81,67.26,5.72,7.3,0,Pass
MCA20260635,Krishna Joshi,krishna.joshi@university.edu,Computer Applications (MCA),4,59.04,82.35,69.61,7.92,4.8,0,Pass
MCA20260636,Arjun Pandey,arjun.pandey@university.edu,Information Technology (MSc),5,55.66,60.6,66.49,6.28,5.3,1,Pass
MCA20260637,Ananya Mishra,ananya.mishra@university.edu,Information Technology (MSc),5,61.1,83.8,89.19,8.42,6.2,0,Pass
MCA20260638,Saanvi Bose,saanvi.bose@university.edu,Information Technology (MSc),2,93.24,68.29,67.72,6.73,5.9,1,Pass
MCA20260639,Krishna Chatterjee,krishna.chatterjee@university.edu,Computer Applications (MCA),5,45.96,53.21,45.95,5.4,2.6,1,Fail
MCA20260640,Ananya Gupta,ananya.gupta@university.edu,Information Technology (MSc),1,64.48,67.19,61.58,6.2,7.3,2,Pass
MCA20260641,Vihaan Bose,vihaan.bose@university.edu,Information Technology (MSc),2,78.83,62.42,83.21,7.68,5.5,0,Pass
MCA20260642,Kavya Bose,kavya.bose@university.edu,Computer Applications (MCA),2,98.28,54.47,65.24,6.33,3.8,0,Pass
MCA20260643,Diya Sen,diya.sen@university.edu,Computer Science (MSc),1,98.17,75.12,99.04,8.18,6.6,0,Pass
MCA20260644,Reyansh Mukherjee,reyansh.mukherjee@university.edu,Computer Science (MSc),1,80.76,72.6,79.69,8.23,8.1,0,Pass
MCA20260645,Shruti Pandey,shruti.pandey@university.edu,Computer Applications (MCA),4,59.84,92.09,77.0,7.92,10.3,0,Pass
MCA20260646,Arjun Sen,arjun.sen@university.edu,Computer Science (MSc),4,90.58,68.99,75.82,6.79,7.2,0,Pass
MCA20260647,Kavya Verma,kavya.verma@university.edu,Information Technology (MSc),4,94.8,74.59,87.21,8.8,2.3,0,Pass
MCA20260648,Shaurya Sharma,shaurya.sharma@university.edu,Computer Science (MSc),3,89.38,57.0,72.37,6.28,4.3,2,Pass
MCA20260649,Aarav Kumar,aarav.kumar@university.edu,Information Technology (MSc),1,83.58,65.26,83.41,6.15,4.7,2,Pass
MCA20260650,Vihaan Mishra,vihaan.mishra@university.edu,Computer Science (MSc),6,89.0,67.97,95.41,7.81,5.5,0,Pass
MCA20260651,Aditya Bose,aditya.bose@university.edu,Computer Applications (MCA),1,91.57,51.48,67.82,6.15,6.0,0,Pass
MCA20260652,Saanvi Verma,saanvi.verma@university.edu,Computer Science (MSc),4,86.73,60.61,81.74,6.96,5.3,1,Pass
MCA20260653,Aryan Mehta,aryan.mehta@university.edu,Information Technology (MSc),6,94.11,66.64,71.48,7.24,8.7,0,Pass
MCA20260654,Pihu Choudhury,pihu.choudhury@university.edu,Computer Science (MSc),4,86.78,44.52,58.85,4.63,4.9,4,Fail
MCA20260655,Aadhya Reddy,aadhya.reddy@university.edu,Computer Applications (MCA),6,59.4,51.41,58.84,6.16,3.5,0,Pass
MCA20260656,Riya Mehta,riya.mehta@university.edu,Information Technology (MSc),3,77.95,47.33,60.57,5.19,3.2,4,Pass
MCA20260657,Sai Singh,sai.singh@university.edu,Information Technology (MSc),4,93.49,71.8,65.62,7.02,7.3,2,Pass
MCA20260658,Shruti Mehta,shruti.mehta@university.edu,Information Technology (MSc),2,79.35,60.6,56.01,6.08,2.6,1,Pass
MCA20260659,Aarav Sharma,aarav.sharma@university.edu,Computer Science (MSc),4,89.53,83.04,92.02,8.73,5.0,0,Pass
MCA20260660,Riya Mishra,riya.mishra@university.edu,Information Technology (MSc),4,89.08,55.29,61.42,5.43,4.0,4,Fail
MCA20260661,Krishna Joshi,krishna.joshi@university.edu,Computer Science (MSc),3,71.7,76.64,61.83,7.36,4.2,0,Pass
MCA20260662,Arjun Rao,arjun.rao@university.edu,Computer Applications (MCA),6,93.11,74.19,97.47,8.91,1.7,0,Pass
MCA20260663,Sai Verma,sai.verma@university.edu,Information Technology (MSc),4,49.33,62.68,76.21,7.67,2.1,0,Fail
MCA20260664,Aarav Joshi,aarav.joshi@university.edu,Computer Applications (MCA),1,88.36,68.11,82.26,8.15,5.1,0,Pass
MCA20260665,Sai Chatterjee,sai.chatterjee@university.edu,Computer Applications (MCA),4,76.69,71.22,86.03,7.8,3.8,0,Pass
MCA20260666,Anjali Verma,anjali.verma@university.edu,Computer Applications (MCA),6,40.0,43.53,37.66,4.53,5.6,2,Fail
MCA20260667,Khushi Joshi,khushi.joshi@university.edu,Information Technology (MSc),2,79.2,75.45,77.48,7.37,3.8,1,Pass
MCA20260668,Vihaan Mehta,vihaan.mehta@university.edu,Information Technology (MSc),3,86.55,86.97,100.0,10.0,6.5,0,Pass
MCA20260669,Krishna Mukherjee,krishna.mukherjee@university.edu,Computer Science (MSc),5,67.14,82.11,72.98,8.42,6.8,0,Pass
MCA20260670,Anjali Iyer,anjali.iyer@university.edu,Computer Applications (MCA),3,70.16,80.1,69.67,7.74,7.9,0,Pass
MCA20260671,Arjun Sen,arjun.sen@university.edu,Computer Applications (MCA),4,86.05,80.59,90.36,8.55,6.9,0,Pass
MCA20260672,Shaurya Rao,shaurya.rao@university.edu,Computer Applications (MCA),5,75.25,82.01,97.0,9.69,5.1,0,Pass
MCA20260673,Kavya Singh,kavya.singh@university.edu,Information Technology (MSc),6,94.48,62.84,75.84,7.19,7.5,1,Pass
MCA20260674,Pihu Bose,pihu.bose@university.edu,Computer Science (MSc),1,53.75,57.58,55.06,5.66,5.2,0,Pass
MCA20260675,Ananya Reddy,ananya.reddy@university.edu,Information Technology (MSc),3,89.41,66.62,80.01,7.06,3.1,1,Pass
MCA20260676,Pihu Mishra,pihu.mishra@university.edu,Computer Applications (MCA),3,40.0,60.63,75.16,7.18,2.9,0,Fail
MCA20260677,Riya Das,riya.das@university.edu,Computer Applications (MCA),2,89.61,61.74,90.12,8.02,4.0,0,Pass
MCA20260678,Shaurya Mehta,shaurya.mehta@university.edu,Computer Science (MSc),1,82.73,69.81,77.51,7.67,4.6,0,Pass
MCA20260679,Riya Mishra,riya.mishra@university.edu,Computer Science (MSc),5,81.58,52.65,65.42,5.47,9.1,3,Pass
MCA20260680,Shruti Mehta,shruti.mehta@university.edu,Computer Science (MSc),2,79.79,50.91,65.6,6.4,1.8,1,Pass
MCA20260681,Ishaan Kumar,ishaan.kumar@university.edu,Computer Science (MSc),6,77.09,66.77,79.23,8.09,3.4,0,Pass
MCA20260682,Aditya Pandey,aditya.pandey@university.edu,Computer Science (MSc),1,73.35,67.93,83.33,7.6,1.4,0,Pass
MCA20260683,Riya Kumar,riya.kumar@university.edu,Computer Applications (MCA),3,71.06,59.11,70.33,7.47,4.5,1,Pass
MCA20260684,Aadhya Chatterjee,aadhya.chatterjee@university.edu,Information Technology (MSc),1,46.05,36.25,41.32,4.06,3.7,1,Fail
MCA20260685,Reyansh Mukherjee,reyansh.mukherjee@university.edu,Information Technology (MSc),6,84.52,69.9,88.5,8.35,6.1,0,Pass
MCA20260686,Riya Kumar,riya.kumar@university.edu,Computer Science (MSc),2,81.3,54.32,71.37,7.6,1.0,0,Pass
MCA20260687,Diya Nair,diya.nair@university.edu,Computer Applications (MCA),2,89.16,74.87,75.42,7.99,7.0,0,Pass
MCA20260688,Reyansh Patel,reyansh.patel@university.edu,Information Technology (MSc),4,80.98,77.34,73.84,6.82,5.1,0,Pass
MCA20260689,Krishna Chatterjee,krishna.chatterjee@university.edu,Information Technology (MSc),2,75.02,67.95,65.2,6.86,5.6,0,Pass
MCA20260690,Aadhya Joshi,aadhya.joshi@university.edu,Information Technology (MSc),3,49.52,89.06,78.94,8.79,5.8,0,Fail
MCA20260691,Aadhya Pandey,aadhya.pandey@university.edu,Information Technology (MSc),6,75.02,48.52,60.88,5.11,7.4,2,Pass
MCA20260692,Ananya Nair,ananya.nair@university.edu,Computer Science (MSc),3,89.01,77.72,77.05,7.79,7.5,0,Pass
MCA20260693,Shruti Das,shruti.das@university.edu,Computer Science (MSc),1,79.45,83.28,62.97,7.91,4.4,0,Pass
MCA20260694,Saanvi Iyer,saanvi.iyer@university.edu,Computer Applications (MCA),3,78.43,71.47,87.71,8.17,4.3,0,Pass
MCA20260695,Diya Mishra,diya.mishra@university.edu,Computer Applications (MCA),5,71.06,65.67,65.74,6.93,5.9,1,Pass
MCA20260696,Krishna Mehta,krishna.mehta@university.edu,Computer Applications (MCA),3,58.09,38.12,66.41,5.97,4.0,1,Fail
MCA20260697,Riya Mukherjee,riya.mukherjee@university.edu,Information Technology (MSc),6,84.47,57.22,64.8,5.88,6.2,2,Pass
MCA20260698,Pihu Nair,pihu.nair@university.edu,Computer Applications (MCA),2,61.08,81.33,79.68,8.82,4.4,0,Pass
MCA20260699,Diya Joshi,diya.joshi@university.edu,Computer Science (MSc),5,65.44,74.89,87.12,7.8,7.6,0,Pass
MCA20260700,Krishna Das,krishna.das@university.edu,Information Technology (MSc),6,63.27,51.44,51.86,5.05,5.5,0,Pass
MCA20260701,Diya Rao,diya.rao@university.edu,Computer Science (MSc),6,48.59,77.58,68.03,7.82,5.2,0,Fail
MCA20260702,Saanvi Pandey,saanvi.pandey@university.edu,Computer Applications (MCA),6,93.33,61.03,57.24,6.47,4.0,0,Pass
MCA20260703,Ananya Singh,ananya.singh@university.edu,Computer Applications (MCA),6,71.95,61.06,75.4,8.36,1.6,0,Pass
MCA20260704,Riya Das,riya.das@university.edu,Computer Applications (MCA),5,71.22,57.32,83.04,7.2,6.5,0,Pass
MCA20260705,Vihaan Sen,vihaan.sen@university.edu,Computer Applications (MCA),1,55.02,54.63,59.99,5.89,4.9,0,Pass
MCA20260706,Vihaan Sharma,vihaan.sharma@university.edu,Computer Science (MSc),2,67.2,55.92,62.12,6.29,4.2,0,Pass
MCA20260707,Krishna Gupta,krishna.gupta@university.edu,Information Technology (MSc),2,86.3,47.67,57.15,5.3,4.9,1,Pass
MCA20260708,Aarav Kumar,aarav.kumar@university.edu,Information Technology (MSc),4,93.43,65.22,71.43,6.79,5.5,0,Pass
MCA20260709,Ananya Verma,ananya.verma@university.edu,Information Technology (MSc),6,94.47,72.85,85.68,7.48,8.1,2,Pass
MCA20260710,Anjali Das,anjali.das@university.edu,Information Technology (MSc),4,99.92,55.2,72.05,6.09,3.6,0,Pass
MCA20260711,Aarav Sharma,aarav.sharma@university.edu,Information Technology (MSc),5,76.4,67.3,80.14,7.37,5.2,2,Pass
MCA20260712,Pihu Sharma,pihu.sharma@university.edu,Computer Applications (MCA),5,91.47,61.2,81.36,7.52,4.4,0,Pass
MCA20260713,Ishaan Bose,ishaan.bose@university.edu,Computer Science (MSc),1,50.4,71.92,75.15,8.13,3.6,0,Pass
MCA20260714,Shruti Mishra,shruti.mishra@university.edu,Computer Applications (MCA),1,71.5,62.7,69.08,7.02,7.4,0,Pass
MCA20260715,Sai Sen,sai.sen@university.edu,Computer Applications (MCA),2,40.0,73.18,77.14,8.08,4.4,0,Fail
MCA20260716,Shruti Rao,shruti.rao@university.edu,Computer Science (MSc),3,47.62,73.82,67.56,7.1,7.1,0,Fail
MCA20260717,Aditya Choudhury,aditya.choudhury@university.edu,Computer Science (MSc),4,92.91,68.86,90.5,7.51,7.4,0,Pass
MCA20260718,Kavya Joshi,kavya.joshi@university.edu,Information Technology (MSc),2,89.67,75.95,80.58,7.6,6.6,0,Pass
MCA20260719,Shaurya Gupta,shaurya.gupta@university.edu,Information Technology (MSc),6,97.74,65.18,79.54,7.99,2.0,0,Pass
MCA20260720,Vihaan Gupta,vihaan.gupta@university.edu,Computer Science (MSc),4,78.81,73.92,76.6,7.64,4.5,0,Pass
MCA20260721,Aadhya Bose,aadhya.bose@university.edu,Computer Science (MSc),1,79.77,94.08,100.0,9.25,4.6,0,Pass
MCA20260722,Aarav Singh,aarav.singh@university.edu,Computer Applications (MCA),4,93.79,51.7,60.92,5.8,1.0,2,Pass
MCA20260723,Pihu Iyer,pihu.iyer@university.edu,Information Technology (MSc),1,70.42,54.9,64.58,5.37,5.0,3,Fail
MCA20260724,Shruti Verma,shruti.verma@university.edu,Computer Applications (MCA),2,56.26,74.32,56.73,6.47,6.8,1,Pass
MCA20260725,Kavya Das,kavya.das@university.edu,Computer Science (MSc),1,93.04,34.19,55.43,4.71,3.2,0,Pass
MCA20260726,Aditya Rao,aditya.rao@university.edu,Information Technology (MSc),5,94.01,40.57,58.48,4.67,3.3,2,Pass
MCA20260727,Vihaan Singh,vihaan.singh@university.edu,Computer Science (MSc),1,86.05,83.59,95.55,9.32,3.9,0,Pass
MCA20260728,Reyansh Mukherjee,reyansh.mukherjee@university.edu,Computer Applications (MCA),6,64.81,57.78,66.31,6.3,5.9,0,Pass
MCA20260729,Aadhya Gupta,aadhya.gupta@university.edu,Computer Science (MSc),2,91.91,55.68,90.1,6.84,4.5,0,Pass
MCA20260730,Kavya Joshi,kavya.joshi@university.edu,Information Technology (MSc),4,73.44,63.42,66.28,6.29,2.8,0,Pass
MCA20260731,Riya Iyer,riya.iyer@university.edu,Computer Science (MSc),6,88.33,77.14,96.47,8.34,6.8,0,Pass
MCA20260732,Arjun Gupta,arjun.gupta@university.edu,Information Technology (MSc),6,63.47,48.15,67.67,5.61,3.9,3,Fail
MCA20260733,Ananya Verma,ananya.verma@university.edu,Computer Applications (MCA),4,57.54,37.98,44.83,4.56,3.5,4,Fail
MCA20260734,Krishna Gupta,krishna.gupta@university.edu,Computer Science (MSc),5,91.19,56.93,77.04,7.08,3.7,0,Pass
MCA20260735,Anjali Chatterjee,anjali.chatterjee@university.edu,Computer Science (MSc),3,84.68,62.89,72.1,6.71,3.9,0,Pass
MCA20260736,Aarav Rao,aarav.rao@university.edu,Computer Science (MSc),4,85.13,64.83,74.09,7.55,4.3,0,Pass
MCA20260737,Krishna Choudhury,krishna.choudhury@university.edu,Information Technology (MSc),4,77.18,69.71,63.4,6.68,7.3,0,Pass
MCA20260738,Pihu Singh,pihu.singh@university.edu,Information Technology (MSc),5,89.41,55.32,69.55,6.34,5.9,0,Pass
MCA20260739,Aadhya Gupta,aadhya.gupta@university.edu,Information Technology (MSc),3,90.24,71.77,72.48,6.86,6.7,1,Pass
MCA20260740,Krishna Gupta,krishna.gupta@university.edu,Computer Applications (MCA),3,59.84,67.16,76.0,8.5,1.4,0,Pass
MCA20260741,Arjun Reddy,arjun.reddy@university.edu,Information Technology (MSc),6,92.42,75.81,100.0,9.12,3.7,0,Pass
MCA20260742,Arjun Reddy,arjun.reddy@university.edu,Computer Science (MSc),3,83.97,69.34,79.92,7.84,5.4,0,Pass
MCA20260743,Sai Gupta,sai.gupta@university.edu,Computer Applications (MCA),3,68.69,74.01,82.89,7.56,7.3,0,Pass
MCA20260744,Khushi Choudhury,khushi.choudhury@university.edu,Computer Science (MSc),1,42.25,60.62,49.16,6.39,4.4,0,Fail
MCA20260745,Aryan Mishra,aryan.mishra@university.edu,Computer Science (MSc),5,70.21,64.47,67.08,5.91,6.9,0,Pass
MCA20260746,Riya Sen,riya.sen@university.edu,Computer Science (MSc),1,73.8,50.68,60.77,5.07,6.6,0,Pass
MCA20260747,Aarav Gupta,aarav.gupta@university.edu,Computer Science (MSc),5,55.3,89.23,79.54,8.24,7.7,1,Pass
MCA20260748,Aditya Chatterjee,aditya.chatterjee@university.edu,Information Technology (MSc),3,70.82,75.67,87.5,7.27,7.6,0,Pass
MCA20260749,Aadhya Sharma,aadhya.sharma@university.edu,Computer Science (MSc),4,71.21,62.9,74.3,7.13,2.7,0,Pass
MCA20260750,Aadhya Gupta,aadhya.gupta@university.edu,Information Technology (MSc),5,74.82,56.76,63.19,6.08,1.9,0,Pass
MCA20260751,Krishna Mukherjee,krishna.mukherjee@university.edu,Information Technology (MSc),2,76.54,46.38,63.13,4.91,2.0,1,Pass
MCA20260752,Aadhya Singh,aadhya.singh@university.edu,Computer Applications (MCA),3,82.5,69.69,85.29,7.17,4.5,0,Pass
MCA20260753,Shaurya Rao,shaurya.rao@university.edu,Computer Science (MSc),2,86.3,57.59,82.42,7.04,3.1,0,Pass
MCA20260754,Aditya Singh,aditya.singh@university.edu,Computer Science (MSc),3,43.56,83.71,89.66,9.67,6.6,0,Fail
MCA20260755,Saanvi Gupta,saanvi.gupta@university.edu,Computer Science (MSc),3,87.27,47.41,66.28,5.68,1.0,4,Pass
MCA20260756,Krishna Das,krishna.das@university.edu,Information Technology (MSc),5,47.64,43.4,54.0,5.14,6.4,1,Fail
MCA20260757,Sai Mehta,sai.mehta@university.edu,Computer Science (MSc),1,81.63,57.83,52.71,5.69,4.7,3,Pass
MCA20260758,Aadhya Iyer,aadhya.iyer@university.edu,Information Technology (MSc),4,42.84,60.35,62.77,6.06,7.6,0,Fail
MCA20260759,Diya Pandey,diya.pandey@university.edu,Computer Science (MSc),4,91.91,57.1,83.52,6.84,6.4,0,Pass
MCA20260760,Anjali Mehta,anjali.mehta@university.edu,Computer Science (MSc),3,70.43,60.34,65.81,6.98,4.9,0,Pass
MCA20260761,Anjali Kumar,anjali.kumar@university.edu,Computer Science (MSc),3,78.17,60.06,79.66,7.77,5.6,0,Pass
MCA20260762,Aryan Reddy,aryan.reddy@university.edu,Computer Science (MSc),3,93.35,46.79,56.19,4.76,6.3,3,Pass
MCA20260763,Saanvi Mukherjee,saanvi.mukherjee@university.edu,Computer Applications (MCA),3,82.68,62.97,85.61,7.06,3.5,0,Pass
MCA20260764,Aadhya Rao,aadhya.rao@university.edu,Computer Science (MSc),3,86.4,67.12,68.47,6.43,6.2,1,Pass
MCA20260765,Sai Mukherjee,sai.mukherjee@university.edu,Computer Applications (MCA),5,86.77,62.76,79.54,8.02,5.1,0,Pass
MCA20260766,Riya Singh,riya.singh@university.edu,Information Technology (MSc),5,76.58,71.31,82.06,6.92,7.0,2,Pass
MCA20260767,Aarav Pandey,aarav.pandey@university.edu,Information Technology (MSc),2,80.07,71.53,79.59,7.39,1.5,1,Pass
MCA20260768,Khushi Nair,khushi.nair@university.edu,Information Technology (MSc),1,85.69,81.7,84.03,9.29,4.2,0,Pass
MCA20260769,Pihu Das,pihu.das@university.edu,Computer Applications (MCA),6,99.59,63.33,77.33,5.86,5.0,0,Pass
MCA20260770,Shaurya Joshi,shaurya.joshi@university.edu,Computer Science (MSc),6,87.45,74.72,73.71,7.58,7.6,0,Pass
MCA20260771,Arjun Mishra,arjun.mishra@university.edu,Computer Science (MSc),1,89.39,58.37,80.08,6.43,3.3,0,Pass
MCA20260772,Khushi Chatterjee,khushi.chatterjee@university.edu,Computer Science (MSc),5,74.16,77.45,85.1,8.36,3.5,0,Pass
MCA20260773,Aadhya Bose,aadhya.bose@university.edu,Information Technology (MSc),6,69.0,76.83,72.21,7.21,9.0,1,Pass
MCA20260774,Pihu Bose,pihu.bose@university.edu,Computer Applications (MCA),3,65.45,86.71,82.8,8.25,5.2,0,Pass
MCA20260775,Riya Chatterjee,riya.chatterjee@university.edu,Information Technology (MSc),1,93.83,72.64,84.88,8.12,4.8,0,Pass
MCA20260776,Sai Joshi,sai.joshi@university.edu,Information Technology (MSc),6,48.34,71.21,46.59,7.12,2.9,2,Fail
MCA20260777,Anjali Verma,anjali.verma@university.edu,Information Technology (MSc),6,89.66,47.28,63.79,5.93,3.4,3,Pass
MCA20260778,Aadhya Iyer,aadhya.iyer@university.edu,Computer Science (MSc),1,66.85,72.77,73.81,8.58,1.0,0,Pass
MCA20260779,Aarav Patel,aarav.patel@university.edu,Computer Science (MSc),2,87.73,70.73,83.78,9.05,2.8,0,Pass
MCA20260780,Shruti Sen,shruti.sen@university.edu,Information Technology (MSc),5,70.39,79.64,69.16,8.04,4.8,0,Pass
MCA20260781,Kavya Joshi,kavya.joshi@university.edu,Computer Science (MSc),3,87.04,68.28,76.26,7.56,5.5,0,Pass
MCA20260782,Aadhya Pandey,aadhya.pandey@university.edu,Information Technology (MSc),5,88.0,62.74,65.62,6.31,5.8,0,Pass
MCA20260783,Shruti Mehta,shruti.mehta@university.edu,Computer Science (MSc),1,46.2,71.19,78.24,8.61,4.0,0,Fail
MCA20260784,Shaurya Mishra,shaurya.mishra@university.edu,Computer Applications (MCA),1,92.93,78.58,93.65,7.92,6.3,0,Pass
MCA20260785,Arjun Choudhury,arjun.choudhury@university.edu,Computer Science (MSc),3,77.41,52.32,58.46,4.91,4.2,2,Pass
MCA20260786,Khushi Kumar,khushi.kumar@university.edu,Information Technology (MSc),4,88.91,70.67,84.17,7.84,3.4,0,Pass
MCA20260787,Ananya Das,ananya.das@university.edu,Computer Applications (MCA),4,86.49,51.29,64.5,5.0,5.1,2,Pass
MCA20260788,Khushi Iyer,khushi.iyer@university.edu,Computer Applications (MCA),3,84.2,73.58,72.67,8.38,4.6,0,Pass
MCA20260789,Vihaan Patel,vihaan.patel@university.edu,Computer Applications (MCA),3,85.18,52.78,69.75,5.08,9.6,4,Pass
MCA20260790,Sai Singh,sai.singh@university.edu,Information Technology (MSc),2,68.72,58.47,64.96,6.16,7.1,0,Pass
MCA20260791,Shruti Singh,shruti.singh@university.edu,Information Technology (MSc),2,95.85,68.05,77.45,7.55,4.1,0,Pass
MCA20260792,Diya Bose,diya.bose@university.edu,Computer Science (MSc),4,59.4,73.38,77.63,7.88,6.6,0,Pass
MCA20260793,Krishna Reddy,krishna.reddy@university.edu,Information Technology (MSc),2,89.62,77.43,80.19,8.43,2.9,0,Pass
MCA20260794,Aryan Mishra,aryan.mishra@university.edu,Computer Science (MSc),1,90.54,58.07,82.11,6.04,2.3,0,Pass
MCA20260795,Anjali Kumar,anjali.kumar@university.edu,Computer Science (MSc),5,83.11,72.6,66.1,6.83,6.9,0,Pass
MCA20260796,Pihu Reddy,pihu.reddy@university.edu,Computer Applications (MCA),6,99.26,75.09,82.75,8.05,5.4,0,Pass
MCA20260797,Reyansh Kumar,reyansh.kumar@university.edu,Computer Science (MSc),6,86.66,74.64,69.52,8.17,5.5,0,Pass
MCA20260798,Aditya Mukherjee,aditya.mukherjee@university.edu,Computer Applications (MCA),5,84.93,77.93,90.92,7.87,9.2,0,Pass
MCA20260799,Aryan Choudhury,aryan.choudhury@university.edu,Computer Science (MSc),2,83.55,59.97,61.63,6.27,5.4,0,Pass
MCA20260800,Khushi Patel,khushi.patel@university.edu,Computer Science (MSc),6,94.1,78.71,86.54,7.49,5.9,0,Pass
MCA20260801,Saanvi Sen,saanvi.sen@university.edu,Information Technology (MSc),3,74.57,75.58,64.02,6.72,7.0,0,Pass
MCA20260802,Anjali Reddy,anjali.reddy@university.edu,Information Technology (MSc),4,87.89,56.36,81.26,7.16,1.0,2,Pass
MCA20260803,Kavya Patel,kavya.patel@university.edu,Computer Science (MSc),3,80.74,85.57,85.93,9.22,6.5,0,Pass
MCA20260804,Khushi Chatterjee,khushi.chatterjee@university.edu,Computer Applications (MCA),6,72.41,69.33,59.91,6.77,5.5,0,Pass
MCA20260805,Shaurya Chatterjee,shaurya.chatterjee@university.edu,Information Technology (MSc),1,74.84,48.06,61.33,5.13,5.7,0,Pass
MCA20260806,Arjun Iyer,arjun.iyer@university.edu,Computer Applications (MCA),2,88.49,48.49,51.52,5.41,5.1,1,Pass
MCA20260807,Shaurya Patel,shaurya.patel@university.edu,Computer Applications (MCA),3,94.58,69.03,84.19,8.0,7.4,0,Pass
MCA20260808,Arjun Sen,arjun.sen@university.edu,Computer Science (MSc),4,81.66,57.42,81.48,6.9,5.3,0,Pass
MCA20260809,Anjali Mehta,anjali.mehta@university.edu,Information Technology (MSc),4,84.95,57.41,73.51,6.59,4.7,0,Pass
MCA20260810,Pihu Singh,pihu.singh@university.edu,Computer Science (MSc),6,89.75,46.34,69.3,4.76,4.9,0,Pass
MCA20260811,Riya Singh,riya.singh@university.edu,Information Technology (MSc),2,58.0,58.96,54.33,6.59,3.4,0,Pass
MCA20260812,Saanvi Nair,saanvi.nair@university.edu,Computer Applications (MCA),2,63.42,54.87,68.63,6.17,6.0,0,Pass
MCA20260813,Diya Pandey,diya.pandey@university.edu,Information Technology (MSc),1,77.08,61.82,71.13,6.77,2.8,0,Pass
MCA20260814,Ananya Sharma,ananya.sharma@university.edu,Computer Science (MSc),2,80.97,74.55,70.55,7.46,5.0,0,Pass
MCA20260815,Reyansh Reddy,reyansh.reddy@university.edu,Information Technology (MSc),5,90.35,58.73,76.47,6.8,7.2,0,Pass
MCA20260816,Saanvi Mishra,saanvi.mishra@university.edu,Information Technology (MSc),4,94.12,68.23,73.8,6.51,6.3,0,Pass
MCA20260817,Pihu Pandey,pihu.pandey@university.edu,Computer Science (MSc),2,93.17,49.03,68.95,5.4,3.5,1,Pass
MCA20260818,Aditya Mukherjee,aditya.mukherjee@university.edu,Computer Applications (MCA),2,52.92,68.47,80.76,7.85,4.0,0,Pass
MCA20260819,Shaurya Verma,shaurya.verma@university.edu,Computer Science (MSc),2,71.3,54.81,58.34,5.84,2.2,2,Pass
MCA20260820,Riya Nair,riya.nair@university.edu,Computer Applications (MCA),4,78.62,58.85,67.42,6.15,3.5,0,Pass
MCA20260821,Kavya Das,kavya.das@university.edu,Information Technology (MSc),5,81.79,81.11,87.37,8.83,7.4,0,Pass
MCA20260822,Sai Mukherjee,sai.mukherjee@university.edu,Computer Applications (MCA),3,97.83,67.63,82.05,7.4,5.7,0,Pass
MCA20260823,Riya Choudhury,riya.choudhury@university.edu,Information Technology (MSc),1,62.26,52.7,71.2,7.32,1.7,0,Pass
MCA20260824,Khushi Bose,khushi.bose@university.edu,Computer Applications (MCA),4,86.19,62.85,74.41,6.23,5.8,0,Pass
MCA20260825,Sai Joshi,sai.joshi@university.edu,Computer Science (MSc),1,68.07,79.33,69.07,8.16,3.6,0,Pass
MCA20260826,Khushi Rao,khushi.rao@university.edu,Computer Science (MSc),1,79.3,78.23,75.18,7.16,7.9,0,Pass
MCA20260827,Khushi Patel,khushi.patel@university.edu,Computer Applications (MCA),2,91.54,72.19,86.98,7.61,5.9,1,Pass
MCA20260828,Kavya Choudhury,kavya.choudhury@university.edu,Information Technology (MSc),5,90.94,94.06,98.59,10.0,5.2,0,Pass
MCA20260829,Pihu Singh,pihu.singh@university.edu,Information Technology (MSc),2,91.51,71.85,76.13,8.1,4.1,0,Pass
MCA20260830,Reyansh Kumar,reyansh.kumar@university.edu,Computer Applications (MCA),5,98.12,72.22,76.51,7.43,3.4,0,Pass
MCA20260831,Ananya Bose,ananya.bose@university.edu,Computer Science (MSc),5,82.01,73.86,77.59,8.07,4.6,0,Pass
MCA20260832,Riya Singh,riya.singh@university.edu,Computer Science (MSc),6,72.35,71.69,77.54,7.54,4.0,0,Pass
MCA20260833,Shaurya Nair,shaurya.nair@university.edu,Information Technology (MSc),3,80.16,69.78,64.39,6.0,6.5,2,Pass
MCA20260834,Shruti Patel,shruti.patel@university.edu,Computer Applications (MCA),4,85.85,84.72,83.23,8.96,8.2,0,Pass
MCA20260835,Vihaan Rao,vihaan.rao@university.edu,Information Technology (MSc),2,87.07,74.23,77.1,8.14,4.3,0,Pass
MCA20260836,Arjun Joshi,arjun.joshi@university.edu,Computer Applications (MCA),6,84.9,70.77,74.04,7.38,9.1,0,Pass
MCA20260837,Diya Joshi,diya.joshi@university.edu,Information Technology (MSc),4,91.03,76.12,89.58,6.48,6.5,0,Pass
MCA20260838,Saanvi Mehta,saanvi.mehta@university.edu,Information Technology (MSc),6,69.22,52.16,76.97,6.91,2.4,0,Pass
MCA20260839,Ishaan Mishra,ishaan.mishra@university.edu,Computer Science (MSc),4,83.48,74.08,81.68,6.95,7.1,0,Pass
MCA20260840,Aditya Gupta,aditya.gupta@university.edu,Computer Science (MSc),5,76.47,62.24,67.6,5.79,5.8,1,Pass
MCA20260841,Ishaan Choudhury,ishaan.choudhury@university.edu,Computer Science (MSc),4,84.88,63.0,68.63,6.76,6.1,0,Pass
MCA20260842,Diya Mukherjee,diya.mukherjee@university.edu,Computer Applications (MCA),6,73.37,76.75,72.76,8.75,2.5,0,Pass
MCA20260843,Aditya Pandey,aditya.pandey@university.edu,Information Technology (MSc),6,65.21,78.71,64.29,8.29,7.7,0,Pass
MCA20260844,Ananya Gupta,ananya.gupta@university.edu,Information Technology (MSc),4,90.76,71.96,88.06,7.73,2.1,0,Pass
MCA20260845,Reyansh Mishra,reyansh.mishra@university.edu,Computer Applications (MCA),4,78.2,51.99,64.13,5.53,4.5,0,Pass
MCA20260846,Ishaan Iyer,ishaan.iyer@university.edu,Computer Science (MSc),3,83.47,76.57,84.62,8.99,4.2,0,Pass
MCA20260847,Riya Mukherjee,riya.mukherjee@university.edu,Computer Applications (MCA),5,90.05,78.36,83.1,7.97,8.2,0,Pass
MCA20260848,Saanvi Iyer,saanvi.iyer@university.edu,Information Technology (MSc),1,69.0,51.53,66.27,6.57,1.6,0,Pass
MCA20260849,Vihaan Patel,vihaan.patel@university.edu,Information Technology (MSc),4,91.65,72.45,90.75,7.9,5.6,0,Pass
MCA20260850,Aarav Patel,aarav.patel@university.edu,Computer Applications (MCA),4,93.05,91.28,85.41,8.24,9.4,0,Pass
MCA20260851,Khushi Sharma,khushi.sharma@university.edu,Computer Science (MSc),2,66.98,85.11,81.58,9.0,5.2,0,Pass
MCA20260852,Arjun Nair,arjun.nair@university.edu,Computer Applications (MCA),3,78.31,72.37,89.24,7.57,7.7,0,Pass
MCA20260853,Aditya Choudhury,aditya.choudhury@university.edu,Computer Science (MSc),1,97.26,60.74,80.38,8.71,3.1,0,Pass
MCA20260854,Ananya Singh,ananya.singh@university.edu,Computer Applications (MCA),4,51.13,91.33,74.53,9.58,4.3,0,Pass
MCA20260855,Shaurya Joshi,shaurya.joshi@university.edu,Computer Science (MSc),6,82.8,64.68,78.77,6.89,4.6,2,Pass
MCA20260856,Aditya Patel,aditya.patel@university.edu,Computer Applications (MCA),2,86.03,54.1,62.56,5.79,2.8,0,Pass
MCA20260857,Saanvi Gupta,saanvi.gupta@university.edu,Computer Applications (MCA),5,77.72,74.26,73.04,7.86,3.0,0,Pass
MCA20260858,Krishna Sen,krishna.sen@university.edu,Information Technology (MSc),4,75.55,59.58,73.42,6.77,5.1,1,Pass
MCA20260859,Aarav Sharma,aarav.sharma@university.edu,Information Technology (MSc),3,63.18,85.66,78.27,8.93,7.3,0,Pass
MCA20260860,Sai Mishra,sai.mishra@university.edu,Information Technology (MSc),2,60.14,65.7,63.18,6.57,5.9,2,Pass
MCA20260861,Saanvi Gupta,saanvi.gupta@university.edu,Computer Applications (MCA),4,59.65,66.53,65.1,7.16,7.3,0,Pass
MCA20260862,Aditya Patel,aditya.patel@university.edu,Computer Applications (MCA),3,97.42,71.42,92.88,8.18,4.9,0,Pass
MCA20260863,Ananya Nair,ananya.nair@university.edu,Computer Applications (MCA),4,82.77,60.31,82.68,7.29,4.7,0,Pass
MCA20260864,Arjun Mehta,arjun.mehta@university.edu,Computer Applications (MCA),5,83.02,61.17,66.27,6.06,6.8,2,Pass
MCA20260865,Kavya Sharma,kavya.sharma@university.edu,Information Technology (MSc),6,96.09,61.0,77.38,7.48,4.8,0,Pass
MCA20260866,Aryan Pandey,aryan.pandey@university.edu,Computer Science (MSc),6,74.9,79.61,89.92,9.2,6.3,0,Pass
MCA20260867,Reyansh Mehta,reyansh.mehta@university.edu,Computer Science (MSc),5,72.64,55.02,62.03,5.87,4.2,3,Pass
MCA20260868,Khushi Kumar,khushi.kumar@university.edu,Computer Applications (MCA),1,85.22,77.41,89.69,8.07,8.5,0,Pass
MCA20260869,Arjun Patel,arjun.patel@university.edu,Information Technology (MSc),6,85.07,60.48,42.83,5.25,7.2,4,Pass
MCA20260870,Aadhya Choudhury,aadhya.choudhury@university.edu,Computer Science (MSc),3,77.88,68.8,84.22,7.96,6.1,0,Pass
MCA20260871,Arjun Joshi,arjun.joshi@university.edu,Computer Science (MSc),6,76.23,63.45,81.15,6.43,7.0,1,Pass
MCA20260872,Aditya Joshi,aditya.joshi@university.edu,Information Technology (MSc),5,40.0,57.95,54.38,6.66,4.2,2,Fail
MCA20260873,Anjali Nair,anjali.nair@university.edu,Information Technology (MSc),1,81.06,70.23,74.2,7.56,6.3,0,Pass
MCA20260874,Shaurya Kumar,shaurya.kumar@university.edu,Information Technology (MSc),5,99.33,67.34,93.81,8.36,1.7,0,Pass
MCA20260875,Shruti Kumar,shruti.kumar@university.edu,Information Technology (MSc),4,87.31,55.43,52.66,5.53,9.4,2,Pass
MCA20260876,Shaurya Verma,shaurya.verma@university.edu,Computer Applications (MCA),4,76.6,58.14,77.15,6.02,6.8,0,Pass
MCA20260877,Aadhya Patel,aadhya.patel@university.edu,Computer Applications (MCA),4,77.57,69.09,75.04,7.75,4.2,0,Pass
MCA20260878,Anjali Gupta,anjali.gupta@university.edu,Information Technology (MSc),1,81.75,73.89,72.68,7.47,7.2,1,Pass
MCA20260879,Ananya Iyer,ananya.iyer@university.edu,Computer Applications (MCA),4,98.98,78.97,79.93,8.44,4.6,0,Pass
MCA20260880,Kavya Mishra,kavya.mishra@university.edu,Computer Science (MSc),5,81.94,86.77,77.76,8.14,9.9,0,Pass
MCA20260881,Aryan Das,aryan.das@university.edu,Computer Applications (MCA),1,77.71,53.81,57.11,4.9,6.9,1,Pass
MCA20260882,Kavya Gupta,kavya.gupta@university.edu,Computer Applications (MCA),3,54.69,66.43,60.93,7.65,8.9,0,Pass
MCA20260883,Reyansh Verma,reyansh.verma@university.edu,Computer Applications (MCA),4,78.81,66.87,71.27,7.35,6.6,0,Pass
MCA20260884,Shruti Nair,shruti.nair@university.edu,Information Technology (MSc),6,40.0,78.95,68.2,8.12,6.7,0,Fail
MCA20260885,Pihu Mishra,pihu.mishra@university.edu,Information Technology (MSc),4,99.02,78.63,91.9,9.02,2.4,0,Pass
MCA20260886,Aditya Bose,aditya.bose@university.edu,Information Technology (MSc),5,82.2,70.89,85.91,8.05,5.3,0,Pass
MCA20260887,Arjun Rao,arjun.rao@university.edu,Computer Applications (MCA),3,75.56,66.52,61.01,7.18,4.7,0,Pass
MCA20260888,Aditya Sen,aditya.sen@university.edu,Computer Applications (MCA),2,71.66,57.75,78.22,6.53,2.0,1,Pass
MCA20260889,Riya Iyer,riya.iyer@university.edu,Computer Science (MSc),5,88.66,66.16,80.69,6.98,3.8,0,Pass
MCA20260890,Aditya Nair,aditya.nair@university.edu,Information Technology (MSc),4,78.64,59.76,66.42,6.1,4.2,0,Pass
MCA20260891,Krishna Verma,krishna.verma@university.edu,Computer Applications (MCA),1,54.45,78.49,75.82,8.39,5.5,0,Pass
MCA20260892,Pihu Patel,pihu.patel@university.edu,Computer Science (MSc),5,85.0,70.18,79.87,7.06,5.8,0,Pass
MCA20260893,Anjali Verma,anjali.verma@university.edu,Computer Science (MSc),6,48.96,70.97,70.21,7.73,4.9,0,Fail
MCA20260894,Aryan Patel,aryan.patel@university.edu,Computer Applications (MCA),6,86.1,66.99,53.95,5.15,9.1,1,Pass
MCA20260895,Arjun Sharma,arjun.sharma@university.edu,Computer Applications (MCA),4,71.8,72.17,72.11,7.74,5.2,0,Pass
MCA20260896,Ananya Sen,ananya.sen@university.edu,Information Technology (MSc),6,84.39,58.96,65.68,6.56,1.4,0,Pass
MCA20260897,Ishaan Singh,ishaan.singh@university.edu,Computer Science (MSc),2,79.05,54.3,65.63,5.83,6.0,1,Pass
MCA20260898,Ishaan Patel,ishaan.patel@university.edu,Computer Applications (MCA),3,52.99,68.33,63.38,7.74,1.5,0,Pass
MCA20260899,Pihu Rao,pihu.rao@university.edu,Information Technology (MSc),1,81.5,57.9,69.9,5.64,8.2,2,Pass
MCA20260900,Ishaan Mukherjee,ishaan.mukherjee@university.edu,Information Technology (MSc),1,64.0,78.11,79.96,9.05,4.8,0,Pass
MCA20260901,Saanvi Pandey,saanvi.pandey@university.edu,Information Technology (MSc),3,53.51,65.47,76.72,7.03,2.3,0,Pass
MCA20260902,Vihaan Das,vihaan.das@university.edu,Information Technology (MSc),2,82.6,60.39,69.38,6.33,6.1,0,Pass
MCA20260903,Ananya Singh,ananya.singh@university.edu,Computer Science (MSc),1,63.82,56.47,78.71,6.88,7.4,0,Pass
MCA20260904,Kavya Patel,kavya.patel@university.edu,Computer Applications (MCA),6,72.5,65.64,65.14,6.19,7.1,1,Pass
MCA20260905,Shruti Sharma,shruti.sharma@university.edu,Computer Applications (MCA),1,94.34,77.54,84.41,8.44,7.6,0,Pass
MCA20260906,Krishna Verma,krishna.verma@university.edu,Computer Science (MSc),3,83.58,63.74,68.7,6.67,7.0,0,Pass
MCA20260907,Aadhya Mehta,aadhya.mehta@university.edu,Computer Applications (MCA),1,52.75,77.49,72.58,7.82,6.4,0,Pass
MCA20260908,Riya Mishra,riya.mishra@university.edu,Computer Applications (MCA),3,94.63,76.86,95.81,9.51,5.1,0,Pass
MCA20260909,Krishna Mishra,krishna.mishra@university.edu,Information Technology (MSc),3,62.2,72.83,71.06,7.57,5.0,0,Pass
MCA20260910,Ishaan Gupta,ishaan.gupta@university.edu,Information Technology (MSc),3,64.58,71.04,67.48,7.45,6.9,2,Pass
MCA20260911,Sai Sen,sai.sen@university.edu,Information Technology (MSc),1,56.19,61.14,68.49,7.5,1.6,0,Pass
MCA20260912,Aryan Joshi,aryan.joshi@university.edu,Information Technology (MSc),1,92.3,69.7,92.54,7.72,1.0,0,Pass
MCA20260913,Aadhya Gupta,aadhya.gupta@university.edu,Computer Science (MSc),3,47.58,60.65,71.88,6.98,1.0,0,Fail
MCA20260914,Shaurya Iyer,shaurya.iyer@university.edu,Computer Applications (MCA),5,88.57,72.5,83.91,8.46,4.1,0,Pass
MCA20260915,Khushi Sharma,khushi.sharma@university.edu,Computer Science (MSc),2,44.48,50.14,54.77,6.31,7.3,0,Fail
MCA20260916,Shaurya Chatterjee,shaurya.chatterjee@university.edu,Computer Applications (MCA),4,83.81,61.26,61.4,6.03,5.0,0,Pass
MCA20260917,Ananya Mukherjee,ananya.mukherjee@university.edu,Computer Science (MSc),2,93.22,75.8,90.66,9.25,6.4,0,Pass
MCA20260918,Riya Joshi,riya.joshi@university.edu,Computer Applications (MCA),1,91.56,76.31,79.85,8.58,8.0,0,Pass
MCA20260919,Pihu Sharma,pihu.sharma@university.edu,Computer Applications (MCA),5,73.55,66.43,76.95,6.86,3.8,1,Pass
MCA20260920,Ananya Sharma,ananya.sharma@university.edu,Computer Science (MSc),1,98.68,53.74,63.12,5.85,5.5,2,Pass
MCA20260921,Aadhya Nair,aadhya.nair@university.edu,Computer Applications (MCA),2,84.41,86.63,88.71,9.33,5.3,0,Pass
MCA20260922,Shruti Joshi,shruti.joshi@university.edu,Computer Science (MSc),4,83.31,80.15,84.18,8.16,5.8,0,Pass
MCA20260923,Vihaan Mehta,vihaan.mehta@university.edu,Information Technology (MSc),3,76.37,92.03,73.9,8.73,5.9,0,Pass
MCA20260924,Aditya Verma,aditya.verma@university.edu,Computer Applications (MCA),5,81.4,76.89,73.89,7.38,9.1,2,Pass
MCA20260925,Pihu Choudhury,pihu.choudhury@university.edu,Computer Science (MSc),6,76.47,34.22,50.32,4.0,4.8,2,Fail
MCA20260926,Aditya Mukherjee,aditya.mukherjee@university.edu,Computer Applications (MCA),5,93.37,69.2,92.45,7.97,2.1,0,Pass
MCA20260927,Arjun Reddy,arjun.reddy@university.edu,Computer Applications (MCA),5,59.84,40.98,63.18,5.51,3.3,0,Pass
MCA20260928,Kavya Verma,kavya.verma@university.edu,Computer Science (MSc),6,82.32,67.33,64.11,7.43,4.4,1,Pass
MCA20260929,Arjun Joshi,arjun.joshi@university.edu,Computer Science (MSc),3,87.49,46.32,57.51,4.29,4.7,1,Pass
MCA20260930,Diya Reddy,diya.reddy@university.edu,Information Technology (MSc),6,97.89,76.98,88.02,8.26,5.3,0,Pass
MCA20260931,Diya Iyer,diya.iyer@university.edu,Computer Science (MSc),3,40.0,73.29,62.22,7.6,6.1,0,Fail
MCA20260932,Reyansh Mehta,reyansh.mehta@university.edu,Information Technology (MSc),1,58.52,76.82,62.18,7.89,2.6,0,Pass
MCA20260933,Arjun Patel,arjun.patel@university.edu,Computer Applications (MCA),4,90.94,78.14,91.14,8.13,6.3,0,Pass
MCA20260934,Khushi Iyer,khushi.iyer@university.edu,Computer Science (MSc),1,56.21,65.58,72.97,7.47,2.6,0,Pass
MCA20260935,Riya Choudhury,riya.choudhury@university.edu,Computer Applications (MCA),4,89.51,74.94,94.8,8.63,4.4,0,Pass
MCA20260936,Shaurya Pandey,shaurya.pandey@university.edu,Computer Science (MSc),1,90.91,47.58,51.95,4.78,5.8,0,Pass
MCA20260937,Aditya Singh,aditya.singh@university.edu,Information Technology (MSc),3,79.45,69.24,77.47,7.25,6.4,0,Pass
MCA20260938,Anjali Verma,anjali.verma@university.edu,Computer Applications (MCA),3,78.95,83.79,87.62,8.69,3.7,0,Pass
MCA20260939,Arjun Gupta,arjun.gupta@university.edu,Information Technology (MSc),2,86.11,75.65,66.68,7.18,6.4,0,Pass
MCA20260940,Ananya Reddy,ananya.reddy@university.edu,Information Technology (MSc),1,90.31,56.98,66.93,5.99,6.4,3,Pass
MCA20260941,Shaurya Rao,shaurya.rao@university.edu,Computer Applications (MCA),1,64.17,48.25,49.67,4.8,1.7,0,Pass
MCA20260942,Aadhya Pandey,aadhya.pandey@university.edu,Information Technology (MSc),6,81.32,78.34,88.16,8.87,5.3,0,Pass
MCA20260943,Riya Joshi,riya.joshi@university.edu,Computer Applications (MCA),4,95.48,56.77,77.04,6.84,1.5,0,Pass
MCA20260944,Sai Mehta,sai.mehta@university.edu,Computer Applications (MCA),1,98.93,72.14,83.59,7.41,4.3,1,Pass
MCA20260945,Vihaan Joshi,vihaan.joshi@university.edu,Computer Applications (MCA),2,83.33,60.87,63.62,5.91,3.1,2,Pass
MCA20260946,Aadhya Choudhury,aadhya.choudhury@university.edu,Information Technology (MSc),6,85.87,63.65,74.73,7.36,5.4,0,Pass
MCA20260947,Aditya Mukherjee,aditya.mukherjee@university.edu,Information Technology (MSc),3,97.44,51.44,61.04,6.22,3.2,2,Pass
MCA20260948,Aditya Sharma,aditya.sharma@university.edu,Computer Applications (MCA),2,69.22,65.64,64.26,7.17,5.8,0,Pass
MCA20260949,Khushi Mehta,khushi.mehta@university.edu,Computer Applications (MCA),3,72.64,50.7,78.44,7.41,4.3,0,Pass
MCA20260950,Sai Verma,sai.verma@university.edu,Computer Science (MSc),1,82.4,53.54,61.96,5.44,4.7,0,Pass
MCA20260951,Aryan Mukherjee,aryan.mukherjee@university.edu,Computer Science (MSc),6,73.68,63.29,77.14,7.42,4.6,1,Pass
MCA20260952,Aadhya Das,aadhya.das@university.edu,Computer Applications (MCA),4,87.45,59.99,76.05,6.72,7.1,1,Pass
MCA20260953,Pihu Singh,pihu.singh@university.edu,Computer Science (MSc),2,84.84,54.01,64.25,5.35,6.3,3,Pass
MCA20260954,Aryan Rao,aryan.rao@university.edu,Computer Science (MSc),4,90.73,72.98,76.65,6.52,7.7,2,Pass
MCA20260955,Arjun Verma,arjun.verma@university.edu,Information Technology (MSc),5,54.57,79.52,72.71,9.2,4.5,0,Pass
MCA20260956,Anjali Joshi,anjali.joshi@university.edu,Information Technology (MSc),3,89.37,58.52,83.12,7.04,1.4,0,Pass
MCA20260957,Saanvi Mishra,saanvi.mishra@university.edu,Information Technology (MSc),4,59.59,54.04,51.2,4.87,6.0,0,Pass
MCA20260958,Vihaan Gupta,vihaan.gupta@university.edu,Computer Science (MSc),4,72.25,51.27,53.93,6.07,2.4,0,Pass
MCA20260959,Arjun Mishra,arjun.mishra@university.edu,Computer Applications (MCA),6,67.57,77.3,78.77,8.26,2.9,0,Pass
MCA20260960,Shruti Joshi,shruti.joshi@university.edu,Information Technology (MSc),5,78.12,67.02,75.48,7.41,4.5,0,Pass
MCA20260961,Aarav Reddy,aarav.reddy@university.edu,Information Technology (MSc),3,84.96,45.78,43.62,5.01,5.8,1,Pass
MCA20260962,Saanvi Bose,saanvi.bose@university.edu,Computer Science (MSc),3,73.02,63.63,63.27,7.4,2.7,0,Pass
MCA20260963,Kavya Sen,kavya.sen@university.edu,Computer Science (MSc),4,80.35,60.8,78.83,7.25,4.8,0,Pass
MCA20260964,Ishaan Singh,ishaan.singh@university.edu,Computer Applications (MCA),3,49.26,77.68,80.58,7.64,6.4,0,Fail
MCA20260965,Aarav Rao,aarav.rao@university.edu,Computer Applications (MCA),4,92.75,77.59,81.73,9.13,4.8,0,Pass
MCA20260966,Shruti Choudhury,shruti.choudhury@university.edu,Information Technology (MSc),2,89.26,71.0,87.34,7.61,3.8,0,Pass
MCA20260967,Aryan Patel,aryan.patel@university.edu,Computer Applications (MCA),6,89.73,67.52,94.63,8.43,4.3,0,Pass
MCA20260968,Krishna Rao,krishna.rao@university.edu,Information Technology (MSc),6,46.48,75.31,72.39,7.44,5.8,0,Fail
MCA20260969,Krishna Mukherjee,krishna.mukherjee@university.edu,Computer Science (MSc),3,65.69,80.52,65.36,8.85,4.8,0,Pass
MCA20260970,Aryan Singh,aryan.singh@university.edu,Computer Applications (MCA),5,76.69,80.45,82.92,8.35,3.4,0,Pass
MCA20260971,Diya Choudhury,diya.choudhury@university.edu,Information Technology (MSc),1,75.4,66.81,79.64,8.16,3.8,0,Pass
MCA20260972,Ananya Mukherjee,ananya.mukherjee@university.edu,Information Technology (MSc),2,88.39,63.41,86.34,7.69,4.0,0,Pass
MCA20260973,Kavya Kumar,kavya.kumar@university.edu,Computer Science (MSc),5,84.67,80.51,97.77,8.63,7.8,0,Pass
MCA20260974,Shaurya Singh,shaurya.singh@university.edu,Computer Science (MSc),1,81.07,61.89,78.65,6.81,5.7,0,Pass
MCA20260975,Aditya Verma,aditya.verma@university.edu,Computer Applications (MCA),5,92.11,58.22,70.85,6.73,4.8,2,Pass
MCA20260976,Krishna Sharma,krishna.sharma@university.edu,Information Technology (MSc),4,98.36,45.72,65.65,4.63,5.8,1,Pass
MCA20260977,Aarav Iyer,aarav.iyer@university.edu,Information Technology (MSc),2,94.24,53.58,82.47,6.65,1.0,2,Pass
MCA20260978,Arjun Iyer,arjun.iyer@university.edu,Information Technology (MSc),2,95.52,61.04,76.36,6.6,1.6,0,Pass
MCA20260979,Diya Verma,diya.verma@university.edu,Computer Applications (MCA),2,41.87,67.58,65.69,8.36,6.1,0,Fail
MCA20260980,Arjun Patel,arjun.patel@university.edu,Information Technology (MSc),3,84.5,51.6,60.1,5.36,6.9,2,Pass
MCA20260981,Aditya Choudhury,aditya.choudhury@university.edu,Information Technology (MSc),6,64.19,65.52,65.37,6.13,6.3,0,Pass
MCA20260982,Aadhya Mukherjee,aadhya.mukherjee@university.edu,Computer Applications (MCA),3,91.51,50.56,66.08,5.87,5.0,0,Pass
MCA20260983,Shaurya Iyer,shaurya.iyer@university.edu,Computer Applications (MCA),2,60.37,60.18,68.87,7.62,1.6,0,Pass
MCA20260984,Pihu Das,pihu.das@university.edu,Information Technology (MSc),3,87.67,66.34,72.35,6.9,10.5,0,Pass
MCA20260985,Aryan Bose,aryan.bose@university.edu,Information Technology (MSc),5,92.9,36.21,64.95,4.02,6.3,3,Pass
MCA20260986,Ananya Joshi,ananya.joshi@university.edu,Information Technology (MSc),5,51.32,68.77,63.09,7.68,4.2,0,Pass
MCA20260987,Aryan Reddy,aryan.reddy@university.edu,Computer Science (MSc),6,81.7,78.36,81.81,9.53,1.0,0,Pass
MCA20260988,Shaurya Mehta,shaurya.mehta@university.edu,Computer Applications (MCA),6,96.36,52.88,71.03,6.35,3.5,2,Pass
MCA20260989,Aarav Mukherjee,aarav.mukherjee@university.edu,Computer Science (MSc),5,73.0,74.7,81.11,8.27,1.5,0,Pass
MCA20260990,Vihaan Singh,vihaan.singh@university.edu,Information Technology (MSc),3,96.12,63.18,78.09,7.1,7.2,0,Pass
MCA20260991,Anjali Joshi,anjali.joshi@university.edu,Information Technology (MSc),5,83.89,90.02,90.38,10.0,4.2,0,Pass
MCA20260992,Sai Das,sai.das@university.edu,Computer Applications (MCA),3,72.59,72.1,76.06,8.25,3.9,0,Pass
MCA20260993,Aditya Joshi,aditya.joshi@university.edu,Computer Science (MSc),3,93.74,64.97,77.04,6.96,5.2,0,Pass
MCA20260994,Aryan Gupta,aryan.gupta@university.edu,Information Technology (MSc),6,71.33,66.68,78.28,6.8,6.2,1,Pass
MCA20260995,Diya Pandey,diya.pandey@university.edu,Computer Applications (MCA),3,57.61,68.01,67.89,7.25,6.5,0,Pass
MCA20260996,Reyansh Joshi,reyansh.joshi@university.edu,Information Technology (MSc),1,97.65,77.52,97.89,8.8,4.4,0,Pass
MCA20260997,Ananya Rao,ananya.rao@university.edu,Computer Applications (MCA),6,85.27,63.24,78.05,7.84,5.7,0,Pass
MCA20260998,Aarav Verma,aarav.verma@university.edu,Computer Science (MSc),4,92.98,75.48,77.23,7.64,3.6,0,Pass
MCA20260999,Pihu Singh,pihu.singh@university.edu,Computer Science (MSc),4,87.06,55.71,69.53,5.66,4.9,4,Pass
MCA20261000,Aadhya Choudhury,aadhya.choudhury@university.edu,Information Technology (MSc),4,64.29,64.4,63.98,6.73,6.4,0,Pass
